# Created by Metasequoia

mtllib weapon_mount_kd88a.mtl

v -0.157377 0.338638 -0.974878
v -0.220580 0.338638 -1.001194
v -0.240126 0.338638 -1.030407
v -0.246733 0.338638 -1.064304
v -0.240126 0.338638 -1.098802
v -0.220580 0.338638 -1.127436
v -0.157377 0.338638 -1.153751
v -0.085877 0.266162 -0.974878
v -0.085877 0.266162 -1.153751
v -0.112352 0.315429 -1.153751
v -0.112352 0.315429 -0.974878
v -0.157377 0.377139 -0.974878
v -0.220580 0.377139 -1.001194
v -0.240126 0.377139 -1.030407
v -0.246733 0.377139 -1.064304
v -0.240126 0.377139 -1.098802
v -0.220580 0.377139 -1.127436
v -0.157377 0.377139 -1.153751
v -0.085877 0.377139 -0.974878
v -0.085877 0.377139 -1.153751
v -0.112352 0.377139 -1.153751
v -0.112352 0.377139 -0.974878
v -0.157377 0.338638 0.327742
v -0.220580 0.338638 0.301428
v -0.240126 0.338638 0.272214
v -0.246733 0.338638 0.238318
v -0.240126 0.338638 0.203819
v -0.220580 0.338638 0.175186
v -0.157377 0.338638 0.148869
v -0.085877 0.266162 0.327742
v -0.085877 0.266162 0.148869
v -0.112352 0.315429 0.148869
v -0.112352 0.315429 0.327742
v -0.157377 0.377139 0.327742
v -0.220580 0.377139 0.301428
v -0.240126 0.377139 0.272214
v -0.246733 0.377139 0.238318
v -0.240126 0.377139 0.203819
v -0.220580 0.377139 0.175186
v -0.157377 0.377139 0.148869
v -0.085877 0.377139 0.327742
v -0.085877 0.377139 0.148869
v -0.112352 0.377139 0.148869
v -0.112352 0.377139 0.327742
v 0.157377 0.338638 -0.974878
v 0.220580 0.338638 -1.001194
v 0.240126 0.338638 -1.030407
v 0.246733 0.338638 -1.064304
v 0.240126 0.338638 -1.098802
v 0.220580 0.338638 -1.127436
v 0.157377 0.338638 -1.153751
v 0.085877 0.266162 -0.974878
v 0.085877 0.266162 -1.153751
v 0.112352 0.315429 -1.153751
v 0.112352 0.315429 -0.974878
v 0.157377 0.377139 -0.974878
v 0.220580 0.377139 -1.001194
v 0.240126 0.377139 -1.030407
v 0.246733 0.377139 -1.064304
v 0.240126 0.377139 -1.098802
v 0.220580 0.377139 -1.127436
v 0.157377 0.377139 -1.153751
v 0.085877 0.377139 -0.974878
v 0.085877 0.377139 -1.153751
v 0.112352 0.377139 -1.153751
v 0.112352 0.377139 -0.974878
v 0.157377 0.338638 0.327742
v 0.220580 0.338638 0.301428
v 0.240126 0.338638 0.272214
v 0.246733 0.338638 0.238318
v 0.240126 0.338638 0.203819
v 0.220580 0.338638 0.175186
v 0.157377 0.338638 0.148869
v 0.085877 0.266162 0.327742
v 0.085877 0.266162 0.148869
v 0.112352 0.315429 0.148869
v 0.112352 0.315429 0.327742
v 0.157377 0.377139 0.327742
v 0.220580 0.377139 0.301428
v 0.240126 0.377139 0.272214
v 0.246733 0.377139 0.238318
v 0.240126 0.377139 0.203819
v 0.220580 0.377139 0.175186
v 0.157377 0.377139 0.148869
v 0.085877 0.377139 0.327742
v 0.085877 0.377139 0.148869
v 0.112352 0.377139 0.148869
v 0.112352 0.377139 0.327742
v -0.100805 0.055267 -1.152744
v -0.100805 -0.042066 -1.152744
v 0.100802 0.055267 -1.152744
v 0.100802 -0.042066 -1.152744
v 0.100802 0.055267 -1.373289
v 0.100802 -0.042066 -1.373289
v -0.100805 0.055267 -1.373289
v -0.100805 -0.042066 -1.373289
v -0.100805 0.055267 0.630251
v -0.100805 -0.042066 0.630251
v 0.100802 0.055267 0.630251
v 0.100802 -0.042066 0.630251
v 0.100802 0.055267 0.850796
v 0.100802 -0.042066 0.850796
v -0.100805 0.055267 0.850796
v -0.100805 -0.042066 0.850796
v -0.000003 0.036583 1.647064
v -0.000003 0.036583 -2.281763
v -0.093856 0.036583 -2.232500
v -0.093856 0.036583 1.589190
v -0.000003 -0.207891 1.785566
v -0.000003 -0.207891 -2.389663
v -0.093856 -0.207891 -2.340402
v -0.093856 -0.207891 1.732529
v -0.093856 -0.084691 -2.311777
v -0.000003 -0.084691 -2.361040
v 0.093853 0.036583 -2.232500
v 0.093853 0.036583 1.589190
v 0.093853 -0.207891 -2.340402
v 0.093853 -0.207891 1.732529
v 0.093853 -0.084691 -2.311777
v -0.093856 -0.084691 1.682721
v 0.093853 -0.084691 1.682721
v -0.000003 -0.084691 1.738061
v -0.000504 0.365532 1.183535
v -0.000504 0.365532 -1.752868
v 0.088354 0.365532 -1.677902
v 0.088354 0.365532 1.095464
v -0.000504 0.048633 1.394304
v -0.000504 0.048633 -1.917069
v 0.088354 0.048633 -1.842103
v 0.088354 0.048633 1.313593
v 0.088354 0.208331 -1.798544
v -0.000504 0.208331 -1.873507
v -0.089361 0.365532 -1.677902
v -0.089361 0.365532 1.095464
v -0.089361 0.048633 -1.842103
v -0.089361 0.048633 1.313593
v -0.089361 0.208331 -1.798544
v 0.088354 0.208331 1.237796
v -0.089361 0.208331 1.237796
v -0.000504 0.208331 1.322014
v -0.140122 -0.319705 -1.125411
v -0.510169 0.072704 -0.994796
v -0.521350 0.061524 -1.125411
v -0.116435 -0.296011 -0.953689
v -0.521350 0.061524 -0.864181
v -0.121835 -0.301410 0.050401
v -0.140122 -0.319705 0.410935
v -0.163816 -0.343391 -0.953689
v -0.532524 0.050350 -0.994796
v -0.158417 -0.337992 0.050401
v -0.521350 -0.983722 -1.125411
v -0.116436 -0.626188 -0.953689
v -0.140122 -0.602494 -1.125411
v -0.510169 -0.994903 -0.994796
v -0.521350 -0.983722 -0.864181
v -0.121835 -0.620788 0.050401
v -0.140122 -0.602494 0.410935
v -0.532524 -0.972548 -0.994796
v -0.163816 -0.578808 -0.953689
v -0.158417 -0.584207 0.050401
v 0.252839 -0.510367 1.764451
v 0.252913 -0.485834 -2.453384
v 0.252839 -0.510367 -2.429916
v 0.252913 -0.485834 1.787949
v 0.252839 -0.461103 1.794511
v 0.252839 -0.461103 -2.459976
v 0.252913 -0.436365 1.787949
v 0.252913 -0.436365 -2.453384
v 0.252839 -0.411832 1.764451
v 0.252839 -0.411832 -2.429916
v 0.215845 -0.510367 -2.429916
v 0.215845 -0.510367 1.764451
v 0.215772 -0.485834 1.787949
v 0.215845 -0.461103 1.794511
v 0.215772 -0.436365 1.787949
v 0.215845 -0.411832 1.764451
v 0.215845 -0.411832 -2.429916
v 0.215772 -0.436365 -2.453384
v 0.215845 -0.461103 -2.459976
v 0.215772 -0.485834 -2.453384
v 0.510169 0.072704 -0.994796
v 0.140122 -0.319705 -1.125411
v 0.521351 0.061524 -1.125411
v 0.116436 -0.296011 -0.953689
v 0.521351 0.061524 -0.864181
v 0.121835 -0.301410 0.050401
v 0.140122 -0.319705 0.410935
v 0.163816 -0.343391 -0.953689
v 0.532524 0.050350 -0.994796
v 0.158416 -0.337992 0.050401
v 0.116436 -0.626188 -0.953689
v 0.521351 -0.983722 -1.125411
v 0.140122 -0.602494 -1.125411
v 0.510169 -0.994903 -0.994796
v 0.521351 -0.983722 -0.864181
v 0.121835 -0.620788 0.050401
v 0.140122 -0.602494 0.410935
v 0.532524 -0.972548 -0.994796
v 0.163816 -0.578808 -0.953689
v 0.158416 -0.584207 0.050401
v 0.082451 -0.888137 -0.183211
v 0.082451 -0.723140 -0.275710
v 0.116627 -0.805639 -0.229446
v -0.082546 -0.888137 -0.183211
v -0.000048 -0.922313 -0.164046
v -0.082546 -0.723140 -0.275710
v -0.000048 -0.688964 -0.294875
v -0.116722 -0.805639 -0.229446
v 0.057778 -0.711511 -1.960220
v 0.064480 -0.670162 -1.960220
v 0.042816 -0.650095 -2.091353
v 0.075852 -0.737691 -1.829543
v 0.044560 -0.748467 -1.960220
v 0.029737 -0.698233 -2.091353
v -0.000048 -0.650624 -2.233200
v -0.000048 -0.728017 -2.091353
v -0.029833 -0.698233 -2.091353
v -0.042911 -0.650095 -2.091353
v -0.057874 -0.711511 -1.960220
v -0.064575 -0.670162 -1.960220
v -0.044655 -0.748467 -1.960220
v -0.000048 -0.780429 -1.960220
v -0.075955 -0.737691 -1.829543
v 0.057102 -0.784269 -1.829543
v -0.057197 -0.784269 -1.829543
v -0.000048 -0.815194 -1.829543
v 0.087924 -0.765732 -1.662551
v 0.065782 -0.820336 -1.662551
v -0.065877 -0.820336 -1.662551
v -0.088019 -0.765732 -1.662551
v -0.000048 -0.849194 -1.662551
v -0.083326 -0.683403 -1.829543
v -0.097854 -0.697431 -1.662551
v -0.083973 -0.650095 -1.829543
v -0.065245 -0.650095 -1.960220
v -0.096125 -0.650095 -1.662551
v -0.107101 -0.650095 -1.461318
v -0.113044 -0.707031 -1.461318
v -0.076117 -0.650095 -1.199172
v -0.101503 -0.786219 -1.461318
v -0.104217 -0.715372 -1.199172
v -0.075484 -0.848164 -1.461318
v -0.094345 -0.720706 -0.906051
v -0.041470 -0.667992 -0.906051
v -0.105909 -0.798864 -1.199172
v -0.082546 -0.723140 -0.555617
v -0.000048 -0.688964 -0.555617
v -0.110830 -0.804675 -0.906051
v -0.116722 -0.805639 -0.555617
v -0.077529 -0.868092 -1.199172
v -0.082546 -0.888137 -0.555617
v -0.079817 -0.879964 -0.906051
v -0.000048 -0.874374 -1.461318
v -0.000048 -0.922313 -0.555617
v -0.000048 -0.896699 -1.199172
v -0.000048 -0.910794 -0.906051
v 0.082451 -0.888137 -0.555617
v 0.075389 -0.848164 -1.461318
v 0.079721 -0.879964 -0.906051
v 0.116627 -0.805639 -0.555617
v 0.077434 -0.868092 -1.199172
v 0.101400 -0.786219 -1.461318
v 0.082451 -0.723140 -0.555617
v 0.041374 -0.667992 -0.906051
v 0.110735 -0.804675 -0.906051
v 0.105806 -0.798864 -1.199172
v 0.094250 -0.720706 -0.906051
v 0.076021 -0.650095 -1.199172
v 0.104121 -0.715372 -1.199172
v 0.112942 -0.707031 -1.461318
v 0.107005 -0.650095 -1.461318
v 0.097759 -0.697431 -1.662551
v 0.096030 -0.650095 -1.662551
v 0.083223 -0.683403 -1.829543
v 0.083870 -0.650095 -1.829543
v 0.065149 -0.650095 -1.960220
v 0.010895 -0.529889 -2.752534
v -0.062056 -0.492717 -2.752534
v -0.031618 -0.523155 -2.752534
v 0.068790 -0.471994 -2.752534
v 0.049251 -0.510350 -2.752534
v -0.049251 -0.411849 -2.752534
v -0.068789 -0.450205 -2.752534
v 0.031618 -0.399044 -2.752534
v -0.010895 -0.392310 -2.752534
v 0.062056 -0.429482 -2.752534
v -0.072064 -0.682881 -2.808950
v 0.000004 -0.694297 2.567472
v -0.000003 -0.694297 -2.808950
v -0.072064 -0.682888 2.567472
v -0.137069 -0.649763 -2.808950
v -0.137069 -0.649763 2.567472
v -0.188657 -0.598168 -2.808950
v -0.188658 -0.598168 2.567472
v -0.221782 -0.533163 -2.808950
v -0.221782 -0.533163 2.567472
v -0.233198 -0.461103 -2.808950
v -0.233199 -0.461103 2.567472
v -0.221782 -0.389036 -2.808950
v -0.221782 -0.389036 2.567472
v -0.188665 -0.324030 -2.808950
v -0.188658 -0.324030 2.567472
v -0.137069 -0.272442 -2.808950
v -0.137069 -0.272442 2.567472
v -0.072064 -0.239318 -2.808950
v -0.072064 -0.239318 2.567472
v -0.000003 -0.227901 -2.808950
v 0.000004 -0.227901 2.567472
v 0.072064 -0.239318 -2.808950
v 0.072064 -0.239318 2.567472
v 0.137070 -0.272442 -2.808950
v 0.137069 -0.272442 2.567472
v 0.188658 -0.324030 -2.808950
v 0.188664 -0.324030 2.567472
v 0.221782 -0.389036 -2.808950
v 0.221782 -0.389036 2.567472
v 0.233199 -0.461103 -2.808950
v 0.233198 -0.461103 2.567472
v 0.221782 -0.533163 -2.808950
v 0.221782 -0.533163 2.567472
v 0.188658 -0.598168 -2.808950
v 0.188664 -0.598168 2.567472
v 0.137070 -0.649756 -2.808950
v 0.137069 -0.649763 2.567472
v 0.072064 -0.682881 -2.808950
v 0.072063 -0.682888 2.567472
v 0.000004 -0.686272 2.673062
v -0.069585 -0.675252 2.673062
v 0.000004 -0.668786 2.780789
v -0.064178 -0.658620 2.780789
v 0.000004 -0.638877 2.898770
v -0.132354 -0.643268 2.673062
v -0.054932 -0.630174 2.898770
v 0.000004 -0.599963 3.002622
v -0.182170 -0.593453 2.673062
v -0.122078 -0.629123 2.780789
v -0.042912 -0.593166 3.002622
v -0.214154 -0.530684 2.673062
v -0.104490 -0.604921 2.898770
v -0.168024 -0.583177 2.780789
v -0.225173 -0.461103 2.673062
v -0.197522 -0.525277 2.780789
v -0.143822 -0.565596 2.898770
v -0.081619 -0.573438 3.002622
v -0.214154 -0.391515 2.673062
v -0.207688 -0.461103 2.780789
v -0.169076 -0.516038 2.898770
v -0.112338 -0.542719 3.002622
v -0.182170 -0.328746 2.673062
v -0.197522 -0.396922 2.780789
v -0.177771 -0.461103 2.898770
v -0.132060 -0.504011 3.002622
v -0.132354 -0.278930 2.673062
v -0.168024 -0.339022 2.780789
v -0.169076 -0.406168 2.898770
v -0.138857 -0.461103 3.002622
v -0.069585 -0.246946 2.673062
v -0.122078 -0.293076 2.780789
v -0.143822 -0.356610 2.898770
v -0.132060 -0.418188 3.002622
v 0.000004 -0.235926 2.673062
v -0.064178 -0.263578 2.780789
v -0.104497 -0.317277 2.898770
v -0.112338 -0.379480 3.002622
v 0.069585 -0.246946 2.673062
v 0.000004 -0.253412 2.780789
v -0.054932 -0.292024 2.898770
v -0.081619 -0.348761 3.002622
v 0.132354 -0.278930 2.673062
v 0.064178 -0.263578 2.780789
v 0.000004 -0.283329 2.898770
v -0.042912 -0.329040 3.002622
v 0.182170 -0.328746 2.673062
v 0.122078 -0.293076 2.780789
v 0.054939 -0.292024 2.898770
v 0.000004 -0.322243 3.002622
v 0.214153 -0.391515 2.673062
v 0.168024 -0.339022 2.780789
v 0.104497 -0.317277 2.898770
v 0.042912 -0.329040 3.002622
v 0.225173 -0.461103 2.673062
v 0.197521 -0.396922 2.780789
v 0.143822 -0.356610 2.898770
v 0.081619 -0.348761 3.002622
v 0.214153 -0.530684 2.673062
v 0.207687 -0.461103 2.780789
v 0.169076 -0.406168 2.898770
v 0.112338 -0.379480 3.002622
v 0.182170 -0.593453 2.673062
v 0.197521 -0.525277 2.780789
v 0.177778 -0.461103 2.898770
v 0.132067 -0.418188 3.002622
v 0.132354 -0.643268 2.673062
v 0.168024 -0.583177 2.780789
v 0.169076 -0.516038 2.898770
v 0.138857 -0.461103 3.002622
v 0.069585 -0.675252 2.673062
v 0.122077 -0.629123 2.780789
v 0.064178 -0.658620 2.780789
v 0.143822 -0.565596 2.898770
v 0.132067 -0.504011 3.002622
v 0.054939 -0.630174 2.898770
v 0.104497 -0.604921 2.898770
v 0.112338 -0.542719 3.002622
v 0.042912 -0.593166 3.002622
v 0.081619 -0.573438 3.002622
v 0.091685 -0.641047 -2.591607
v -0.031598 -0.660575 -2.664227
v -0.031598 -0.660575 -2.591607
v 0.091685 -0.641047 -2.664227
v 0.179948 -0.552784 -2.591607
v 0.179948 -0.552784 -2.664227
v 0.199476 -0.429511 -2.591607
v 0.199476 -0.429511 -2.664227
v 0.142806 -0.318294 -2.591607
v 0.142806 -0.318294 -2.664227
v 0.031588 -0.261623 -2.591607
v 0.031588 -0.261623 -2.664227
v -0.091684 -0.281152 -2.591607
v -0.091684 -0.281152 -2.664227
v -0.179948 -0.369415 -2.591607
v -0.179948 -0.369415 -2.664227
v -0.199476 -0.492698 -2.591607
v -0.199476 -0.492698 -2.664227
v -0.142806 -0.603905 -2.591607
v -0.142806 -0.603905 -2.664227
v -0.019079 -0.581583 -2.664227
v 0.055382 -0.569795 -2.736847
v -0.019079 -0.581583 -2.736847
v 0.055382 -0.569795 -2.664227
v 0.108696 -0.516482 -2.736847
v 0.108696 -0.516482 -2.664227
v 0.120484 -0.442020 -2.736847
v 0.120484 -0.442020 -2.664227
v 0.086264 -0.374836 -2.736847
v 0.086264 -0.374836 -2.664227
v 0.019080 -0.340616 -2.736847
v 0.019080 -0.340616 -2.664227
v -0.055382 -0.352404 -2.736847
v -0.055382 -0.352404 -2.664227
v -0.108695 -0.405718 -2.736847
v -0.108695 -0.405718 -2.664227
v -0.120484 -0.480179 -2.736847
v -0.120484 -0.480179 -2.664227
v -0.086264 -0.547364 -2.736847
v -0.086264 -0.547364 -2.664227
v -0.000003 -0.617281 -2.795029
v 0.048263 -0.609631 -2.795029
v 0.091798 -0.587452 -2.795029
v 0.126352 -0.552898 -2.795029
v 0.148532 -0.509363 -2.795029
v 0.156175 -0.461103 -2.795029
v 0.148532 -0.412837 -2.795029
v 0.126352 -0.369302 -2.795029
v 0.091798 -0.334748 -2.795029
v 0.048263 -0.312568 -2.795029
v -0.000003 -0.304924 -2.795029
v -0.048263 -0.312568 -2.795029
v -0.091798 -0.334748 -2.795029
v -0.126352 -0.369302 -2.795029
v -0.148532 -0.412837 -2.795029
v -0.156183 -0.461103 -2.795029
v -0.148532 -0.509363 -2.795029
v -0.126352 -0.552898 -2.795029
v -0.091798 -0.587452 -2.795029
v -0.048263 -0.609631 -2.795029
v -0.043911 -0.325955 -2.795029
v -0.000003 -0.319001 -2.795029
v -0.083527 -0.346142 -2.795029
v -0.114958 -0.377573 -2.795029
v -0.135145 -0.417189 -2.795029
v -0.142099 -0.461103 -2.795029
v -0.135145 -0.505010 -2.795029
v -0.114958 -0.544626 -2.795029
v -0.083527 -0.576058 -2.795029
v -0.043911 -0.596244 -2.795029
v -0.000003 -0.603198 -2.795029
v 0.043910 -0.596244 -2.795029
v 0.083526 -0.576058 -2.795029
v 0.114958 -0.544626 -2.795029
v 0.135144 -0.505010 -2.795029
v 0.142098 -0.461103 -2.795029
v 0.135144 -0.417189 -2.795029
v 0.114958 -0.377573 -2.795029
v 0.083526 -0.346142 -2.795029
v 0.043910 -0.325955 -2.795029
v 0.000004 -0.599963 3.002622
v -0.042912 -0.593166 3.002622
v -0.081619 -0.573438 3.002622
v -0.112338 -0.542719 3.002622
v -0.132060 -0.504011 3.002622
v -0.138857 -0.461103 3.002622
v -0.132060 -0.418188 3.002622
v -0.112338 -0.379480 3.002622
v -0.081619 -0.348761 3.002622
v -0.042912 -0.329040 3.002622
v 0.000004 -0.322243 3.002622
v 0.042912 -0.329040 3.002622
v 0.081619 -0.348761 3.002622
v 0.112338 -0.379480 3.002622
v 0.132067 -0.418188 3.002622
v 0.138857 -0.461103 3.002622
v 0.132067 -0.504011 3.002622
v 0.112338 -0.542719 3.002622
v 0.042912 -0.593166 3.002622
v 0.081619 -0.573438 3.002622
v 0.000001 -0.461101 3.002622
v -0.080000 -0.461100 3.052487
v -0.056569 -0.517668 3.052487
v -0.000000 -0.541100 3.052487
v 0.056568 -0.517668 3.052487
v 0.080000 -0.461100 3.052487
v 0.056568 -0.404531 3.052487
v -0.000000 -0.381100 3.052487
v -0.056569 -0.404531 3.052487
v -0.080000 -0.461100 2.892484
v -0.056569 -0.517668 2.892484
v -0.000000 -0.541100 2.892484
v 0.056568 -0.517668 2.892484
v 0.080000 -0.461100 2.892484
v 0.056568 -0.404531 2.892484
v -0.000000 -0.381100 2.892484
v -0.056569 -0.404531 2.892484
v -0.000000 -0.461100 3.052487
v 0.000004 -0.599963 3.002622
v -0.042912 -0.593166 3.002622
v 0.000004 -0.549656 3.080655
v -0.027361 -0.545323 3.080655
v -0.000202 -0.499620 3.121610
v -0.081619 -0.573438 3.002622
v -0.022808 -0.492146 3.121610
v 0.000004 -0.461103 3.135556
v -0.036696 -0.472814 3.121610
v -0.036571 -0.449003 3.121610
v -0.112338 -0.542719 3.002622
v -0.052048 -0.532744 3.080655
v -0.071644 -0.513155 3.080655
v -0.132060 -0.504011 3.002622
v -0.084223 -0.488468 3.080655
v -0.138857 -0.461103 3.002622
v -0.088556 -0.461103 3.080655
v -0.132060 -0.418188 3.002622
v -0.084223 -0.433739 3.080655
v -0.112338 -0.379480 3.002622
v -0.071644 -0.409052 3.080655
v -0.081619 -0.348761 3.002622
v -0.022477 -0.429818 3.121610
v -0.042912 -0.329040 3.002622
v -0.052048 -0.389462 3.080655
v -0.027361 -0.376884 3.080655
v 0.000004 -0.322243 3.002622
v 0.000202 -0.422580 3.121610
v 0.042912 -0.329040 3.002622
v 0.000004 -0.372543 3.080655
v 0.027368 -0.376884 3.080655
v 0.081619 -0.348761 3.002622
v 0.022807 -0.430053 3.121610
v 0.112338 -0.379480 3.002622
v 0.052048 -0.389462 3.080655
v 0.071644 -0.409052 3.080655
v 0.132067 -0.418188 3.002622
v 0.036696 -0.449392 3.121610
v 0.138857 -0.461103 3.002622
v 0.084223 -0.433739 3.080655
v 0.088556 -0.461103 3.080655
v 0.132067 -0.504011 3.002622
v 0.036571 -0.473197 3.121610
v 0.112338 -0.542719 3.002622
v 0.084223 -0.488468 3.080655
v 0.042912 -0.593166 3.002622
v 0.081619 -0.573438 3.002622
v 0.071644 -0.513155 3.080655
v 0.022476 -0.492381 3.121610
v 0.052048 -0.532744 3.080655
v 0.027368 -0.545323 3.080655
v -0.252913 -0.485834 -2.453384
v -0.252839 -0.510367 1.764451
v -0.252839 -0.510367 -2.429916
v -0.252913 -0.485834 1.787949
v -0.252839 -0.461103 1.794511
v -0.252839 -0.461103 -2.459976
v -0.252913 -0.436365 1.787949
v -0.252913 -0.436365 -2.453384
v -0.252839 -0.411832 1.764451
v -0.252839 -0.411832 -2.429916
v -0.215846 -0.510367 -2.429916
v -0.215846 -0.510367 1.764451
v -0.215772 -0.485834 1.787949
v -0.215846 -0.461103 1.794511
v -0.215772 -0.436365 1.787949
v -0.215846 -0.411832 1.764451
v -0.215846 -0.411832 -2.429916
v -0.215772 -0.436365 -2.453384
v -0.215846 -0.461103 -2.459976
v -0.215772 -0.485834 -2.453384
v -0.024735 -0.208187 -2.453384
v -0.049267 -0.208260 1.764451
v -0.049267 -0.208260 -2.429916
v -0.024735 -0.208187 1.787949
v -0.000004 -0.208260 1.794511
v -0.000004 -0.208260 -2.459976
v 0.024735 -0.208187 1.787949
v 0.024735 -0.208187 -2.453384
v 0.049267 -0.208260 1.764451
v 0.049267 -0.208260 -2.429916
v -0.049267 -0.245254 -2.429916
v -0.049267 -0.245254 1.764451
v -0.024735 -0.245328 1.787949
v -0.000004 -0.245254 1.794511
v 0.024735 -0.245328 1.787949
v 0.049267 -0.245254 1.764451
v 0.049267 -0.245254 -2.429916
v 0.024735 -0.245328 -2.453384
v -0.000004 -0.245254 -2.459976
v -0.024735 -0.245328 -2.453384
v -0.530006 0.070504 -1.179092
v -0.554856 0.070504 -1.131545
v -0.530006 0.095353 -1.131545
v -0.505156 0.070504 -1.131545
v -0.530006 0.045654 -1.131545
v -0.554856 0.070504 -0.498000
v -0.530006 0.095354 -0.498000
v -0.505156 0.070504 -0.498000
v -0.530006 0.045654 -0.498000
v -0.530006 0.070504 -0.304610
v 0.530006 0.070504 -1.179092
v 0.554856 0.070504 -1.131545
v 0.530006 0.095353 -1.131545
v 0.505156 0.070504 -1.131545
v 0.530006 0.045654 -1.131545
v 0.554856 0.070504 -0.498000
v 0.530006 0.095354 -0.498000
v 0.505156 0.070504 -0.498000
v 0.530006 0.045654 -0.498000
v 0.530006 0.070504 -0.304610
v -0.530006 -0.992702 -1.179092
v -0.554856 -0.992702 -1.131545
v -0.530006 -1.017551 -1.131545
v -0.505156 -0.992702 -1.131545
v -0.530006 -0.967852 -1.131545
v -0.554856 -0.992702 -0.498000
v -0.530006 -1.017551 -0.498000
v -0.505156 -0.992702 -0.498000
v -0.530006 -0.967852 -0.498000
v -0.530006 -0.992702 -0.304610
v 0.530006 -0.992702 -1.179092
v 0.554856 -0.992702 -1.131545
v 0.530006 -1.017551 -1.131545
v 0.505156 -0.992702 -1.131545
v 0.530006 -0.967852 -1.131545
v 0.554856 -0.992702 -0.498000
v 0.530006 -1.017551 -0.498000
v 0.505156 -0.992702 -0.498000
v 0.530006 -0.967852 -0.498000
v 0.530006 -0.992702 -0.304610
v -0.072064 -0.682882 -2.542884
v -0.000002 -0.694297 -2.542854
v -0.137069 -0.649763 -2.542971
v -0.188657 -0.598168 -2.543106
v -0.221782 -0.533163 -2.543275
v -0.233198 -0.461103 -2.543464
v -0.221782 -0.389036 -2.543652
v -0.188663 -0.324030 -2.543821
v -0.137069 -0.272442 -2.543956
v -0.072064 -0.239318 -2.544043
v -0.000002 -0.227901 -2.544073
v 0.072064 -0.239318 -2.544043
v 0.137070 -0.272442 -2.543956
v 0.188659 -0.324030 -2.543821
v 0.221782 -0.389036 -2.543652
v 0.233198 -0.461103 -2.543464
v 0.221782 -0.533163 -2.543275
v 0.188659 -0.598168 -2.543106
v 0.137070 -0.649757 -2.542971
v 0.072064 -0.682882 -2.542884
v -0.072064 -0.682881 -2.721244
v -0.000003 -0.694297 -2.721211
v -0.137069 -0.649763 -2.721339
v -0.188657 -0.598168 -2.721487
v -0.221782 -0.533163 -2.721673
v -0.233198 -0.461103 -2.721879
v -0.221782 -0.389036 -2.722086
v -0.188664 -0.324030 -2.722272
v -0.137069 -0.272442 -2.722420
v -0.072064 -0.239318 -2.722515
v -0.000003 -0.227901 -2.722548
v 0.072064 -0.239318 -2.722515
v 0.137070 -0.272442 -2.722420
v 0.188658 -0.324030 -2.722272
v 0.221782 -0.389036 -2.722086
v 0.233199 -0.461103 -2.721879
v 0.221782 -0.533163 -2.721673
v 0.188658 -0.598168 -2.721487
v 0.137070 -0.649756 -2.721339
v 0.072064 -0.682881 -2.721244
v -0.035132 -0.137361 -1.383381
v -0.035132 -0.353578 -1.383381
v 0.035130 -0.137361 -1.383381
v 0.035130 -0.353578 -1.383381
v 0.035130 -0.137361 -1.455059
v 0.035130 -0.353578 -1.455059
v -0.035132 -0.137361 -1.455059
v -0.035132 -0.353578 -1.455059
v -0.035132 -0.137361 0.548482
v -0.035132 -0.353578 0.548482
v 0.035130 -0.137361 0.548482
v 0.035130 -0.353578 0.548482
v 0.035130 -0.137361 0.620158
v 0.035130 -0.353578 0.620158
v -0.035132 -0.137361 0.620158
v -0.035132 -0.353578 0.620158
v -0.162036 -0.301565 -2.714523
v -0.283227 -0.166110 -2.680191
v -0.290362 -0.173245 -2.745315
v -0.151325 -0.290854 -2.577804
v -0.290362 -0.173245 -2.615036
v -0.162036 -0.301565 -2.416519
v -0.297498 -0.180381 -2.680191
v -0.172753 -0.312283 -2.577804
v -0.283227 -0.756095 -2.680191
v -0.162036 -0.620634 -2.714523
v -0.290362 -0.748960 -2.745315
v -0.151325 -0.631344 -2.577804
v -0.290362 -0.748960 -2.615036
v -0.162036 -0.620634 -2.416519
v -0.297498 -0.741817 -2.680191
v -0.172754 -0.609923 -2.577804
v 0.283227 -0.166110 -2.680191
v 0.162036 -0.301565 -2.714523
v 0.290363 -0.173246 -2.745315
v 0.151326 -0.290854 -2.577804
v 0.290363 -0.173246 -2.615036
v 0.162036 -0.301565 -2.416519
v 0.297498 -0.180381 -2.680191
v 0.172754 -0.312283 -2.577804
v 0.162036 -0.620634 -2.714523
v 0.283227 -0.756096 -2.680191
v 0.290363 -0.748960 -2.745315
v 0.151326 -0.631344 -2.577804
v 0.290363 -0.748960 -2.615036
v 0.162036 -0.620634 -2.416519
v 0.297498 -0.741817 -2.680191
v 0.172754 -0.609923 -2.577804
# 743 vertices

vt 0.97360 0.75920
vt 0.96410 0.75825
vt 0.95480 0.75920
vt 0.98140 0.76180
vt 0.94700 0.76180
vt 0.98880 0.77755
vt 0.93970 0.77755
vt 0.93970 0.78525
vt 0.98880 0.78525
vt 0.98880 0.77045
vt 0.93970 0.77045
vt 0.41383 0.61033
vt 0.49384 0.61033
vt 0.49384 0.57200
vt 0.41383 0.57200
vt 0.19285 0.51534
vt 0.19642 0.51534
vt 0.19206 0.50320
vt 0.18861 0.50320
vt 0.18851 0.50353
vt 0.84506 0.51534
vt 0.84838 0.50353
vt 0.82895 0.52673
vt 0.20740 0.52673
vt 0.85026 0.51534
vt 0.85343 0.50353
vt 0.83400 0.52673
vt 0.21096 0.52673
vt 0.19821 0.51760
vt 0.83814 0.51787
vt 0.82812 0.52672
vt 0.20576 0.52668
vt 0.58767 0.67615
vt 0.58767 0.68515
vt 0.92987 0.68615
vt 0.95048 0.67489
vt 0.08948 0.81747
vt 0.08129 0.80938
vt 0.08796 0.80938
vt 0.09636 0.81747
vt 0.08111 0.80960
vt 0.56711 0.80960
vt 0.55785 0.81747
vt 0.51314 0.82677
vt 0.11754 0.82677
vt 0.57407 0.81747
vt 0.58287 0.80960
vt 0.57056 0.80960
vt 0.56140 0.81747
vt 0.52890 0.82677
vt 0.51659 0.82677
vt 0.12443 0.82705
vt 0.11754 0.82705
vt 0.88198 0.06144
vt 0.82725 0.24704
vt 0.82725 0.32041
vt 0.56129 0.31554
vt 0.46849 0.42500
vt 0.59798 0.31554
vt 0.61787 0.31554
vt 0.48838 0.42498
vt 0.52508 0.42498
vt 0.82124 0.08129
vt 0.82124 0.00790
vt 0.76652 0.26688
vt 0.43569 0.32553
vt 0.00462 0.32051
vt 0.43502 0.32051
vt 0.00462 0.33056
vt 0.43264 0.33554
vt 0.00700 0.33554
vt 0.97581 0.39123
vt 0.97581 0.35285
vt 0.97234 0.37203
vt 0.98418 0.39919
vt 0.99255 0.39123
vt 0.99255 0.35285
vt 0.98418 0.34489
vt 0.99602 0.37203
vt 0.72636 0.37589
vt 0.73173 0.40328
vt 0.73173 0.37589
vt 0.73712 0.37589
vt 0.74684 0.37589
vt 0.74490 0.37589
vt 0.74127 0.40328
vt 0.75880 0.03061
vt 0.74962 0.08749
vt 0.75862 0.08749
vt 0.74066 0.08749
vt 0.74979 0.02120
vt 0.74077 0.01180
vt 0.71370 0.02120
vt 0.72280 0.08749
vt 0.72271 0.01180
vt 0.71384 0.08749
vt 0.70469 0.03061
vt 0.70486 0.08749
vt 0.71858 0.37589
vt 0.71664 0.37589
vt 0.72221 0.40328
vt 0.77977 0.05692
vt 0.77425 0.05130
vt 0.77656 0.05591
vt 0.77522 0.03907
vt 0.77374 0.04487
vt 0.78134 0.03714
vt 0.77813 0.03612
vt 0.78416 0.04817
vt 0.78364 0.04174
vt 0.01151 0.44458
vt 0.01164 0.38497
vt 0.00754 0.38497
vt 0.01891 0.44458
vt 0.01967 0.38497
vt 0.01566 0.38497
vt 0.02659 0.44458
vt 0.02774 0.38497
vt 0.02369 0.38497
vt 0.03444 0.44458
vt 0.03583 0.38497
vt 0.03178 0.38497
vt 0.04243 0.44458
vt 0.04399 0.38497
vt 0.03991 0.38497
vt 0.05056 0.44458
vt 0.05220 0.38497
vt 0.04810 0.38497
vt 0.05878 0.44458
vt 0.06043 0.38497
vt 0.05632 0.38497
vt 0.06710 0.44458
vt 0.06867 0.38497
vt 0.06457 0.38497
vt 0.07548 0.44458
vt 0.07683 0.38497
vt 0.07277 0.38497
vt 0.08440 0.44458
vt 0.08440 0.38497
vt 0.08092 0.38497
vt 0.19323 0.44389
vt 0.19050 0.38497
vt 0.19050 0.44389
vt 0.19987 0.44389
vt 0.19760 0.38497
vt 0.19662 0.44389
vt 0.20640 0.44389
vt 0.20422 0.38497
vt 0.20313 0.44389
vt 0.21294 0.44389
vt 0.21079 0.38497
vt 0.20967 0.44389
vt 0.21945 0.44389
vt 0.21724 0.38497
vt 0.21621 0.44389
vt 0.22590 0.44389
vt 0.22357 0.38497
vt 0.22269 0.44389
vt 0.23225 0.44389
vt 0.22976 0.38497
vt 0.22909 0.44389
vt 0.23852 0.44389
vt 0.23580 0.38497
vt 0.23540 0.44389
vt 0.24462 0.44389
vt 0.24164 0.38497
vt 0.24160 0.44389
vt 0.25084 0.44389
vt 0.24720 0.38497
vt 0.24770 0.44389
vt 0.69700 0.34824
vt 0.68957 0.35808
vt 0.69815 0.36286
vt 0.69700 0.37748
vt 0.68810 0.37673
vt 0.69364 0.39068
vt 0.68840 0.32458
vt 0.68529 0.34127
vt 0.69364 0.33504
vt 0.68840 0.40115
vt 0.68143 0.39008
vt 0.68180 0.40787
vt 0.67449 0.31553
vt 0.67688 0.33270
vt 0.68180 0.31785
vt 0.67449 0.41019
vt 0.67210 0.39303
vt 0.66718 0.40787
vt 0.66058 0.32458
vt 0.66756 0.33565
vt 0.66718 0.31785
vt 0.66058 0.40115
vt 0.66370 0.38446
vt 0.65534 0.39068
vt 0.65198 0.34824
vt 0.66088 0.34900
vt 0.65534 0.33504
vt 0.65198 0.37748
vt 0.65942 0.36764
vt 0.65083 0.36286
vt 0.02186 0.48138
vt 0.02651 0.48595
vt 0.05299 0.47633
vt 0.08571 0.47633
vt 0.08411 0.47127
vt 0.05256 0.47633
vt 0.08039 0.46242
vt 0.05256 0.45665
vt 0.09191 0.47633
vt 0.08039 0.49025
vt 0.05256 0.49601
vt 0.02473 0.49025
vt 0.01320 0.47633
vt 0.02473 0.46242
vt 0.18026 0.48843
vt 0.18677 0.48630
vt 0.17978 0.48706
vt 0.18674 0.48751
vt 0.19323 0.48720
vt 0.18786 0.48823
vt 0.18936 0.48862
vt 0.18232 0.49014
vt 0.18116 0.48941
vt 0.18499 0.49115
vt 0.18358 0.49070
vt 0.18809 0.49183
vt 0.18648 0.49153
vt 0.19103 0.48886
vt 0.19162 0.49221
vt 0.18981 0.49207
vt 0.19291 0.48897
vt 0.19532 0.49218
vt 0.19347 0.49225
vt 0.19483 0.48889
vt 0.19883 0.49176
vt 0.19712 0.49201
vt 0.19662 0.48868
vt 0.20199 0.49106
vt 0.20045 0.49143
vt 0.19828 0.48836
vt 0.20482 0.49004
vt 0.20342 0.49060
vt 0.19986 0.48780
vt 0.20111 0.48675
vt 0.20726 0.48833
vt 0.20610 0.48931
vt 0.33816 0.27045
vt 0.34643 0.27045
vt 0.32989 0.27045
vt 0.35469 0.27045
vt 0.36296 0.27045
vt 0.37122 0.27045
vt 0.37949 0.27045
vt 0.38776 0.27045
vt 0.39602 0.27045
vt 0.33816 0.12716
vt 0.32989 0.12716
vt 0.34643 0.12716
vt 0.35469 0.12716
vt 0.36296 0.12716
vt 0.37122 0.12716
vt 0.37949 0.12716
vt 0.38776 0.12716
vt 0.39602 0.12716
vt 0.36420 0.42187
vt 0.36782 0.38497
vt 0.36113 0.38497
vt 0.37451 0.38497
vt 0.37816 0.42187
vt 0.39460 0.42187
vt 0.34838 0.38497
vt 0.35200 0.42188
vt 0.35507 0.38497
vt 0.33804 0.42188
vt 0.34169 0.38497
vt 0.32160 0.42188
vt 0.30227 0.42188
vt 0.29865 0.38497
vt 0.29558 0.42188
vt 0.31261 0.38497
vt 0.30896 0.42188
vt 0.32904 0.38497
vt 0.41755 0.38497
vt 0.41393 0.42187
vt 0.42062 0.42187
vt 0.40725 0.42187
vt 0.40359 0.38497
vt 0.38717 0.38497
vt 0.82725 0.00790
vt 0.82725 0.04326
vt 0.88198 0.03477
vt 0.88198 0.00790
vt 0.45518 0.42500
vt 0.45938 0.31554
vt 0.44163 0.31554
vt 0.44183 0.42500
vt 0.85063 0.31586
vt 0.86389 0.31265
vt 0.85063 0.30944
vt 0.83737 0.31265
vt 0.63121 0.31554
vt 0.62697 0.42498
vt 0.64464 0.42498
vt 0.64464 0.31554
vt 0.82124 0.32059
vt 0.82124 0.28510
vt 0.76652 0.29350
vt 0.76652 0.32022
vt 0.10349 0.41382
vt 0.11675 0.41061
vt 0.10349 0.40741
vt 0.09024 0.41061
vt 0.43264 0.31554
vt 0.00700 0.31554
vt 0.43502 0.33056
vt 0.00395 0.32553
vt 0.42895 0.35451
vt 0.00395 0.35451
vt 0.00395 0.34701
vt 0.42895 0.34701
vt 0.89173 0.05747
vt 0.89173 0.06435
vt 0.88799 0.06435
vt 0.88799 0.05747
vt 0.88799 0.05228
vt 0.89173 0.05228
vt 0.89173 0.04710
vt 0.88799 0.04710
vt 0.88799 0.04021
vt 0.89173 0.04021
vt 0.42895 0.37349
vt 0.00395 0.37349
vt 0.00395 0.36599
vt 0.42895 0.36599
vt 0.79389 0.05518
vt 0.79389 0.06207
vt 0.79014 0.06207
vt 0.79014 0.05518
vt 0.79014 0.05000
vt 0.79389 0.05000
vt 0.79389 0.04481
vt 0.79014 0.04481
vt 0.79014 0.03793
vt 0.79389 0.03793
vt 0.72720 0.40328
vt 0.72268 0.37589
vt 0.71527 0.34893
vt 0.72059 0.34893
vt 0.72540 0.34893
vt 0.73173 0.43256
vt 0.73627 0.40328
vt 0.74080 0.37589
vt 0.74287 0.34893
vt 0.73807 0.34893
vt 0.74819 0.34893
vt 0.73173 0.34893
vt 0.72480 0.31445
vt 0.71915 0.31445
vt 0.73173 0.31445
vt 0.73866 0.31445
vt 0.74433 0.31445
vt 0.75108 0.31445
vt 0.75144 0.34893
vt 0.75577 0.31445
vt 0.75936 0.27297
vt 0.75370 0.27297
vt 0.74585 0.27297
vt 0.75560 0.21910
vt 0.76266 0.21910
vt 0.73942 0.27297
vt 0.74729 0.21910
vt 0.73173 0.27297
vt 0.76447 0.15898
vt 0.75707 0.15898
vt 0.73989 0.21910
vt 0.74849 0.15898
vt 0.76759 0.08749
vt 0.76784 0.03459
vt 0.74031 0.15898
vt 0.73173 0.08749
vt 0.73173 0.00790
vt 0.73173 0.21910
vt 0.73173 0.15898
vt 0.72316 0.15898
vt 0.72404 0.27297
vt 0.72359 0.21910
vt 0.71499 0.15898
vt 0.71761 0.27297
vt 0.69566 0.03458
vt 0.69588 0.08749
vt 0.69900 0.15898
vt 0.70640 0.15898
vt 0.71618 0.21910
vt 0.70787 0.21910
vt 0.70082 0.21910
vt 0.70977 0.27297
vt 0.70410 0.27297
vt 0.71238 0.31445
vt 0.70771 0.31445
vt 0.71202 0.34893
vt 0.75241 0.44742
vt 0.75429 0.41909
vt 0.74775 0.41534
vt 0.74531 0.44742
vt 0.75940 0.39339
vt 0.75394 0.38741
vt 0.75906 0.44742
vt 0.76043 0.42208
vt 0.76828 0.36839
vt 0.76440 0.36131
vt 0.76466 0.39799
vt 0.76543 0.44742
vt 0.76641 0.42444
vt 0.77905 0.35000
vt 0.77686 0.34330
vt 0.77168 0.44742
vt 0.77235 0.42633
vt 0.77223 0.37373
vt 0.76986 0.40161
vt 0.77834 0.42783
vt 0.77790 0.44742
vt 0.78158 0.35491
vt 0.77512 0.40450
vt 0.77627 0.37788
vt 0.78414 0.44742
vt 0.78441 0.42902
vt 0.78051 0.40684
vt 0.78045 0.38121
vt 0.78435 0.35864
vt 0.79057 0.42992
vt 0.79044 0.44742
vt 0.78603 0.40871
vt 0.78482 0.38393
vt 0.78732 0.36160
vt 0.79677 0.44742
vt 0.79684 0.43055
vt 0.79174 0.41017
vt 0.78941 0.38614
vt 0.79050 0.36403
vt 0.80315 0.44742
vt 0.80317 0.43092
vt 0.79757 0.41120
vt 0.79419 0.38789
vt 0.79389 0.36607
vt 0.80953 0.43103
vt 0.80956 0.44742
vt 0.80350 0.41181
vt 0.79917 0.38915
vt 0.79751 0.36772
vt 0.81596 0.44742
vt 0.81589 0.43087
vt 0.80950 0.41198
vt 0.80427 0.38990
vt 0.80132 0.36895
vt 0.82221 0.43046
vt 0.82233 0.44742
vt 0.81549 0.41173
vt 0.80945 0.39012
vt 0.80532 0.36970
vt 0.82845 0.42980
vt 0.82865 0.44742
vt 0.82141 0.41106
vt 0.81463 0.38980
vt 0.80939 0.36992
vt 0.83461 0.42888
vt 0.83491 0.44742
vt 0.82724 0.40998
vt 0.81972 0.38896
vt 0.81346 0.36958
vt 0.84067 0.42769
vt 0.84114 0.44742
vt 0.83292 0.40850
vt 0.82468 0.38763
vt 0.81743 0.36873
vt 0.84734 0.44742
vt 0.84665 0.42621
vt 0.83844 0.40662
vt 0.82946 0.38585
vt 0.82126 0.36742
vt 0.85358 0.44742
vt 0.85258 0.42437
vt 0.84383 0.40431
vt 0.83405 0.38363
vt 0.82488 0.36572
vt 0.85995 0.44742
vt 0.85857 0.42205
vt 0.84911 0.40147
vt 0.83846 0.38094
vt 0.82828 0.36368
vt 0.86474 0.41911
vt 0.86660 0.44742
vt 0.85437 0.39794
vt 0.84269 0.37769
vt 0.83151 0.36126
vt 0.87128 0.41540
vt 0.87371 0.44742
vt 0.85966 0.39343
vt 0.86515 0.38751
vt 0.84683 0.37364
vt 0.83458 0.35835
vt 0.85481 0.36141
vt 0.85087 0.36842
vt 0.83750 0.35470
vt 0.84259 0.34334
vt 0.84023 0.34992
vt 0.17505 0.38497
vt 0.17505 0.39593
vt 0.18446 0.39593
vt 0.18446 0.38497
vt 0.16562 0.38497
vt 0.16562 0.39593
vt 0.15620 0.38497
vt 0.15620 0.39593
vt 0.14677 0.39593
vt 0.14677 0.38497
vt 0.13735 0.38497
vt 0.13735 0.39593
vt 0.12792 0.38497
vt 0.12792 0.39593
vt 0.11851 0.38497
vt 0.11851 0.39593
vt 0.10909 0.38497
vt 0.10909 0.39593
vt 0.09966 0.38497
vt 0.09966 0.39593
vt 0.09024 0.38497
vt 0.09024 0.39593
vt 0.99181 0.31230
vt 0.99181 0.30091
vt 0.98631 0.30091
vt 0.98631 0.31230
vt 0.99181 0.28953
vt 0.98631 0.28953
vt 0.99181 0.27815
vt 0.98631 0.27815
vt 0.99181 0.26677
vt 0.98631 0.26677
vt 0.99181 0.25538
vt 0.98631 0.25538
vt 0.99181 0.24399
vt 0.98631 0.24399
vt 0.99181 0.23261
vt 0.98631 0.23261
vt 0.99181 0.22123
vt 0.98631 0.22123
vt 0.99181 0.20984
vt 0.98631 0.20984
vt 0.99181 0.19846
vt 0.98631 0.19846
vt 0.00395 0.38497
vt 0.00395 0.44458
vt 0.25318 0.38497
vt 0.25318 0.44389
vt 0.28280 0.42360
vt 0.28816 0.42907
vt 0.28964 0.41040
vt 0.28370 0.41228
vt 0.28109 0.40207
vt 0.28534 0.39355
vt 0.28148 0.44244
vt 0.27874 0.43171
vt 0.27693 0.38496
vt 0.27599 0.39687
vt 0.27308 0.43351
vt 0.27215 0.44540
vt 0.27033 0.39865
vt 0.26759 0.38793
vt 0.26798 0.42830
vt 0.26371 0.43681
vt 0.26090 0.40130
vt 0.26627 0.40676
vt 0.25943 0.41997
vt 0.26538 0.41808
vt 0.97555 0.20538
vt 0.97470 0.19470
vt 0.97323 0.19566
vt 0.97400 0.20538
vt 0.97225 0.18508
vt 0.97101 0.18689
vt 0.97323 0.21509
vt 0.97470 0.21606
vt 0.96843 0.17744
vt 0.96753 0.17994
vt 0.97225 0.22568
vt 0.97099 0.22386
vt 0.96314 0.17547
vt 0.96362 0.17253
vt 0.96843 0.23332
vt 0.96753 0.23082
vt 0.95828 0.17083
vt 0.95828 0.17393
vt 0.96314 0.23529
vt 0.96362 0.23823
vt 0.95342 0.17547
vt 0.95295 0.17253
vt 0.95828 0.23993
vt 0.95828 0.23683
vt 0.94813 0.17743
vt 0.94904 0.17994
vt 0.95342 0.23529
vt 0.95295 0.23823
vt 0.94556 0.18689
vt 0.94430 0.18508
vt 0.94813 0.23332
vt 0.94904 0.23082
vt 0.94332 0.19566
vt 0.94185 0.19470
vt 0.94556 0.22386
vt 0.94430 0.22568
vt 0.94100 0.20538
vt 0.94255 0.20538
vt 0.94332 0.21509
vt 0.94185 0.21606
vt 0.78267 0.05397
vt 0.04287 0.46076
vt 0.03375 0.46309
vt 0.05299 0.45996
vt 0.02651 0.46671
vt 0.02186 0.47127
vt 0.02026 0.47633
vt 0.05299 0.49269
vt 0.06310 0.49189
vt 0.04287 0.49189
vt 0.08411 0.48138
vt 0.07946 0.48595
vt 0.07946 0.46671
vt 0.07222 0.46309
vt 0.06310 0.46076
vt 0.03375 0.48957
vt 0.07222 0.48957
vt 0.00259 0.49894
vt 0.00491 0.49894
vt 0.00491 0.49221
vt 0.00259 0.49221
vt 0.00723 0.49894
vt 0.00723 0.49221
vt 0.00955 0.49894
vt 0.00955 0.49221
vt 0.01188 0.49894
vt 0.01188 0.49221
vt 0.01420 0.49894
vt 0.01420 0.49221
vt 0.01652 0.49894
vt 0.01652 0.49221
vt 0.01884 0.49894
vt 0.01884 0.49221
vt 0.02116 0.49894
vt 0.02116 0.49221
vt 0.17122 0.48953
vt 0.17273 0.49144
vt 0.17446 0.49283
vt 0.17636 0.49389
vt 0.17840 0.49473
vt 0.18058 0.49543
vt 0.18290 0.49601
vt 0.18538 0.49648
vt 0.18800 0.49683
vt 0.19074 0.49704
vt 0.19353 0.49710
vt 0.19632 0.49701
vt 0.19904 0.49677
vt 0.20167 0.49639
vt 0.20415 0.49591
vt 0.20648 0.49533
vt 0.20869 0.49464
vt 0.21080 0.49381
vt 0.21281 0.49277
vt 0.21467 0.49141
vt 0.20811 0.48701
vt 0.21629 0.48954
vt 0.57616 0.28925
vt 0.01117 0.28925
vt 0.01117 0.30406
vt 0.57616 0.30406
vt 0.01117 0.27444
vt 0.57617 0.27444
vt 0.57619 0.25964
vt 0.01117 0.25964
vt 0.01117 0.24483
vt 0.57620 0.24483
vt 0.57622 0.23002
vt 0.01117 0.23002
vt 0.57624 0.21521
vt 0.01117 0.21521
vt 0.01117 0.20040
vt 0.57624 0.21521
vt 0.57626 0.20040
vt 0.57627 0.18560
vt 0.01117 0.18560
vt 0.57628 0.17079
vt 0.01117 0.17079
vt 0.01117 0.15598
vt 0.57628 0.15598
vt 0.01117 0.14117
vt 0.57628 0.14117
vt 0.57627 0.12637
vt 0.01117 0.12637
vt 0.57626 0.11156
vt 0.01117 0.11156
vt 0.57624 0.09675
vt 0.01117 0.09675
vt 0.57622 0.08195
vt 0.01117 0.08195
vt 0.57620 0.06713
vt 0.01117 0.06713
vt 0.57619 0.05233
vt 0.01117 0.05233
vt 0.01117 0.03752
vt 0.57617 0.03752
vt 0.57616 0.02272
vt 0.01117 0.02272
vt 0.57616 0.00790
vt 0.01117 0.00790
vt 0.68366 0.30406
vt 0.68366 0.28925
vt 0.67493 0.28925
vt 0.67492 0.30406
vt 0.68366 0.27444
vt 0.67494 0.27444
vt 0.67493 0.28925
vt 0.68366 0.25964
vt 0.67495 0.25964
vt 0.68366 0.24483
vt 0.67497 0.24483
vt 0.67495 0.25964
vt 0.68366 0.23002
vt 0.67499 0.23002
vt 0.68366 0.21521
vt 0.67501 0.21521
vt 0.68366 0.20040
vt 0.67503 0.20040
vt 0.68366 0.18560
vt 0.67504 0.18560
vt 0.68366 0.17079
vt 0.67505 0.17079
vt 0.67504 0.18560
vt 0.68366 0.15598
vt 0.67506 0.15598
vt 0.67505 0.17079
vt 0.67506 0.15598
vt 0.68366 0.14117
vt 0.67505 0.14117
vt 0.68366 0.12637
vt 0.67504 0.12637
vt 0.67504 0.12637
vt 0.68366 0.11156
vt 0.67503 0.11156
vt 0.67503 0.11156
vt 0.68366 0.09675
vt 0.67501 0.09675
vt 0.68366 0.08195
vt 0.67499 0.08195
vt 0.68366 0.06713
vt 0.67497 0.06713
vt 0.67497 0.06713
vt 0.68366 0.05233
vt 0.67495 0.05233
vt 0.67495 0.05233
vt 0.68366 0.03752
vt 0.67494 0.03752
vt 0.68366 0.02272
vt 0.67493 0.02272
vt 0.68366 0.00790
vt 0.67492 0.00790
vt 0.67298 0.53551
vt 0.70210 0.53551
vt 0.70210 0.52114
vt 0.67298 0.52114
vt 0.78035 0.07640
vt 0.78697 0.07435
vt 0.78035 0.07231
vt 0.77374 0.07436
vt 0.78855 0.09138
vt 0.79516 0.08933
vt 0.78855 0.08728
vt 0.78194 0.08932
# 776 texture vertices

vn -0.23574 -0.97182 0.00000
vn -0.63486 0.00000 0.77263
vn 0.00000 -1.00000 0.00000
vn -0.70459 0.00000 -0.70961
vn -0.88087 -0.47337 0.00000
vn -0.88087 -0.47337 0.00000
vn -0.77066 -0.63724 0.00000
vn -0.62393 -0.78148 0.00000
vn 0.00000 1.00000 0.00000
vn -0.55180 0.00000 -0.83398
vn 0.00000 1.00000 0.00000
vn -0.15665 -0.98765 0.00000
vn -0.63486 0.00000 0.77262
vn 0.00000 -1.00000 0.00000
vn -0.70459 0.00000 -0.70962
vn -0.31329 -0.94966 0.00000
vn -0.88087 -0.47337 0.00000
vn -0.77066 -0.63724 0.00000
vn -0.62393 -0.78148 0.00000
vn -0.63486 0.00000 0.77262
vn -0.55181 0.00000 -0.83397
vn 0.23574 -0.97182 0.00000
vn 0.63486 0.00000 0.77263
vn 0.70459 0.00000 -0.70961
vn 0.88087 -0.47337 0.00000
vn 0.88087 -0.47337 0.00000
vn 0.77066 -0.63724 0.00000
vn 0.62393 -0.78148 0.00000
vn 0.55180 0.00000 -0.83398
vn 0.15665 -0.98765 0.00000
vn 0.63486 0.00000 0.77262
vn 0.70459 0.00000 -0.70962
vn 0.31329 -0.94966 0.00000
vn 0.88087 -0.47337 0.00000
vn 0.77066 -0.63724 0.00000
vn 0.62393 -0.78148 0.00000
vn 0.63486 0.00000 0.77262
vn 0.55181 0.00000 -0.83397
vn 0.00000 0.00000 1.00000
vn 1.00000 0.00000 0.00000
vn 0.00000 0.00000 -1.00000
vn -0.00000 0.82459 0.56573
vn -0.00000 0.89063 -0.45472
vn -1.00000 0.00000 0.00000
vn -0.00001 0.35977 0.93304
vn -0.00001 0.22631 -0.97406
vn -0.45522 0.20150 -0.86728
vn -0.42477 0.40579 -0.80926
vn -0.00001 0.33993 -0.94045
vn 0.45521 0.20151 -0.86729
vn 0.42476 0.40579 -0.80926
vn -0.00001 0.44988 0.89309
vn 0.33384 0.87745 0.34444
vn 0.22122 0.94934 0.22320
vn 0.89245 0.22877 -0.38884
vn 0.61340 0.30832 -0.72710
vn -0.22122 0.94934 0.22320
vn -0.89245 0.22877 -0.38884
vn 0.89825 0.26177 0.35302
vn -0.89825 0.26177 0.35302
vn -0.62658 0.39661 0.67089
vn 0.69220 0.70466 -0.15593
vn 0.69139 0.71960 -0.06444
vn 0.70198 0.70198 -0.12018
vn 0.67782 0.73491 -0.02145
vn 0.63902 0.76633 0.06625
vn 0.62131 0.78259 0.03915
vn 0.57740 0.81341 0.07056
vn -0.73492 -0.67782 -0.02147
vn -0.71961 -0.69138 -0.06444
vn -0.78259 -0.62130 0.03915
vn 0.70198 -0.70198 -0.12018
vn 0.67782 -0.73491 -0.02145
vn 0.69220 -0.70466 -0.15593
vn 0.69139 -0.71960 -0.06444
vn 0.63902 -0.76633 0.06625
vn 0.62130 -0.78259 0.03915
vn 0.57740 -0.81341 0.07056
vn -0.71961 0.69138 -0.06444
vn -0.73492 0.67782 -0.02147
vn -0.78259 0.62131 0.03915
vn 1.00000 -0.00299 0.00000
vn 1.00000 -0.00060 0.00000
vn 1.00000 -0.00299 0.00000
vn 1.00000 -0.00001 0.00000
vn 1.00000 0.00001 0.00002
vn 1.00000 0.00098 -0.00001
vn 1.00000 0.00099 -0.00001
vn 1.00000 0.00001 0.00002
vn 1.00000 0.00099 0.00000
vn 1.00000 0.00299 0.00000
vn 0.00000 -0.91958 -0.39290
vn 0.00000 -0.85523 0.51825
vn 0.00000 -0.48957 0.87196
vn 0.00000 -0.00004 1.00000
vn 0.00000 0.48954 0.87198
vn 0.00000 0.91971 0.39260
vn 0.00000 0.85499 -0.51864
vn 0.00000 0.48976 -0.87186
vn 0.00000 -0.00004 -1.00000
vn 0.00000 -0.48979 -0.87184
vn -0.69139 0.71960 -0.06444
vn -0.69220 0.70466 -0.15593
vn -0.70198 0.70198 -0.12018
vn -0.67782 0.73491 -0.02145
vn -0.63902 0.76633 0.06625
vn -0.62131 0.78259 0.03915
vn -0.57740 0.81341 0.07056
vn 0.73492 -0.67782 -0.02147
vn 0.71961 -0.69138 -0.06444
vn 0.78259 -0.62131 0.03915
vn -0.67782 -0.73491 -0.02145
vn -0.70198 -0.70198 -0.12019
vn -0.69220 -0.70466 -0.15593
vn -0.69139 -0.71960 -0.06444
vn -0.63902 -0.76633 0.06625
vn -0.62130 -0.78259 0.03915
vn -0.57740 -0.81341 0.07056
vn 0.71961 0.69138 -0.06444
vn 0.73492 0.67782 -0.02147
vn 0.78259 0.62131 0.03915
vn -0.00013 0.48904 0.87226
vn -0.00010 0.48903 0.87226
vn -0.00039 0.48901 0.87228
vn 0.00010 0.48903 0.87226
vn 0.00000 0.48911 0.87222
vn 0.00013 0.48904 0.87226
vn 0.00000 0.48911 0.87222
vn 0.00039 0.48901 0.87228
vn 0.95566 -0.22205 -0.19341
vn 0.97898 -0.10986 -0.17185
vn 0.95938 -0.18185 -0.21568
vn 0.95786 -0.24786 -0.14518
vn 0.78429 -0.56195 -0.26286
vn 0.87374 -0.39905 -0.27809
vn 0.81857 -0.47033 -0.32974
vn 0.62879 -0.70205 -0.33429
vn -0.87374 -0.39905 -0.27809
vn -0.95938 -0.18184 -0.21568
vn -0.95565 -0.22205 -0.19344
vn -0.97897 -0.10986 -0.17188
vn -0.78427 -0.56197 -0.26287
vn 0.52731 -0.80596 -0.26900
vn -0.95784 -0.24791 -0.14518
vn 0.74571 -0.63477 -0.20244
vn -0.74568 -0.63480 -0.20244
vn 0.00000 -0.97297 -0.23093
vn 0.96027 -0.25934 -0.10304
vn 0.71783 -0.67893 -0.15420
vn -0.71782 -0.67894 -0.15420
vn -0.96027 -0.25936 -0.10305
vn 0.00000 -0.98711 -0.16004
vn -0.99026 -0.07139 -0.11956
vn -0.99592 -0.04046 -0.08064
vn -0.99255 -0.02389 -0.11949
vn -0.98739 -0.03294 -0.15481
vn -0.99737 0.01782 -0.07022
vn -0.98690 0.16128 0.00515
vn -0.99843 -0.04493 -0.03358
vn -0.85802 0.50529 0.09210
vn -0.96970 -0.23903 -0.05054
vn -0.99017 0.13428 0.03913
vn -0.69283 -0.71529 -0.09139
vn -0.92166 0.38557 0.04328
vn -0.60634 0.79050 0.08632
vn -0.98754 -0.15663 -0.01506
vn -0.72585 0.68747 0.02304
vn 0.00000 0.99853 0.05419
vn -0.99779 -0.06575 -0.00971
vn -0.99605 -0.08048 0.03746
vn -0.69140 -0.72071 -0.05035
vn -0.79884 -0.60154 -0.00391
vn -0.69704 -0.71641 -0.03002
vn 0.00000 -0.99539 -0.09588
vn -0.00000 -0.99994 -0.01095
vn 0.00000 -0.99827 -0.05878
vn 0.00000 -0.99936 -0.03575
vn 0.70284 -0.71083 0.02704
vn 0.69286 -0.71525 -0.09139
vn 0.69704 -0.71640 -0.03002
vn 0.99605 -0.08048 0.03746
vn 0.69142 -0.72069 -0.05035
vn 0.96970 -0.23902 -0.05053
vn 0.72585 0.68747 0.02304
vn 0.60634 0.79050 0.08632
vn 0.99779 -0.06574 -0.00971
vn 0.98755 -0.15661 -0.01506
vn 0.92167 0.38556 0.04328
vn 0.85802 0.50529 0.09210
vn 0.99018 0.13422 0.03912
vn 0.99842 -0.04498 -0.03357
vn 0.98691 0.16121 0.00515
vn 0.99592 -0.04048 -0.08065
vn 0.99737 0.01782 -0.07025
vn 0.99026 -0.07139 -0.11955
vn 0.99255 -0.02388 -0.11947
vn 0.98740 -0.03294 -0.15478
vn -0.03954 0.24972 -0.96751
vn 0.22268 0.11346 -0.96827
vn 0.15241 0.36873 -0.91696
vn -0.25100 0.01956 -0.96779
vn -0.29121 0.29121 -0.91126
vn 0.22073 -0.22073 -0.95003
vn 0.37219 -0.05893 -0.92628
vn -0.13170 -0.21455 -0.96779
vn 0.03100 -0.39779 -0.91695
vn -0.33575 -0.17108 -0.92629
vn 0.30485 0.93999 -0.15323
vn -0.03168 -0.99904 0.03032
vn -0.05157 0.98570 -0.16043
vn -0.27847 -0.95937 0.04549
vn 0.53767 0.82775 -0.16044
vn -0.56909 -0.82163 0.03250
vn 0.82776 0.53766 -0.16043
vn -0.78921 -0.61243 0.04546
vn 0.93998 0.30490 -0.15323
vn -0.95036 -0.30882 0.03791
vn 0.98570 -0.05157 -0.16043
vn -0.99904 0.03168 0.03032
vn 0.93966 -0.30586 -0.15325
vn -0.94984 0.30864 0.05054
vn 0.79977 -0.58041 -0.15328
vn -0.80875 0.58761 0.02526
vn 0.62109 -0.76714 -0.16045
vn -0.58732 0.80847 0.03790
vn 0.30591 -0.93965 -0.15325
vn -0.30864 0.94984 0.05054
vn 0.05158 -0.98570 -0.16043
vn -0.03168 0.99904 0.03032
vn -0.35366 -0.92151 -0.16043
vn 0.30882 0.95036 0.03791
vn -0.58129 -0.79914 -0.15325
vn 0.62916 0.77636 0.03785
vn -0.79914 -0.58128 -0.15325
vn 0.83827 0.54393 0.03786
vn -0.92151 -0.35366 -0.16043
vn 0.96534 0.25825 0.03786
vn -0.98570 0.05158 -0.16043
vn 0.99904 -0.03170 0.03032
vn -0.93965 0.30591 -0.15325
vn 0.95035 -0.30886 0.03791
vn -0.79976 0.58042 -0.15325
vn 0.82636 -0.56131 0.04548
vn -0.62110 0.76713 -0.16044
vn 0.58737 -0.80843 0.03793
vn -0.30590 0.93965 -0.15325
vn 0.25825 -0.96533 0.03788
vn 0.00001 -0.99300 0.11813
vn -0.35622 -0.92693 0.11797
vn -0.03072 -0.97687 0.21163
vn -0.30212 -0.93136 0.20320
vn 0.05033 -0.95311 0.29840
vn -0.62524 -0.77147 0.11794
vn -0.24669 -0.92201 0.29840
vn -0.04938 -0.93528 0.35045
vn -0.82230 -0.55840 0.10957
vn -0.57513 -0.79242 0.20321
vn -0.33602 -0.87423 0.35044
vn -0.93328 -0.33613 0.12649
vn -0.51951 -0.80066 0.29842
vn -0.80587 -0.55836 0.19702
vn -0.99300 -0.00001 0.11811
vn -0.94593 -0.25304 0.20293
vn -0.74147 -0.60096 0.29844
vn -0.58969 -0.72762 0.35047
vn -0.93329 0.33612 0.12649
vn -0.97686 0.03070 0.21166
vn -0.89092 -0.34235 0.29843
vn -0.78566 -0.50979 0.35050
vn -0.79058 0.60203 0.11202
vn -0.93136 0.30212 0.20320
vn -0.95310 -0.05033 0.29843
vn -0.90476 -0.24202 0.35049
vn -0.55840 0.82230 0.10957
vn -0.79242 0.57513 0.20321
vn -0.92201 0.24665 0.29843
vn -0.93527 0.04934 0.35047
vn -0.33612 0.93329 0.12649
vn -0.57719 0.79446 0.18890
vn -0.80067 0.51949 0.29843
vn -0.87423 0.33598 0.35048
vn 0.00001 0.99300 0.11811
vn -0.30211 0.93136 0.20320
vn -0.56094 0.77205 0.29882
vn -0.72765 0.58966 0.35047
vn 0.33613 0.93328 0.12649
vn -0.03070 0.97686 0.21166
vn -0.24663 0.92201 0.29843
vn -0.55040 0.75757 0.35092
vn 0.55840 0.82230 0.10957
vn 0.25304 0.94593 0.20293
vn 0.05033 0.95310 0.29843
vn -0.33596 0.87424 0.35049
vn 0.77147 0.62524 0.11794
vn 0.55835 0.80587 0.19702
vn 0.34235 0.89092 0.29843
vn -0.04933 0.93527 0.35047
vn 0.92693 0.35620 0.11795
vn 0.79242 0.57513 0.20321
vn 0.60096 0.74147 0.29844
vn 0.24202 0.90476 0.35049
vn 0.99300 -0.00001 0.11811
vn 0.93136 0.30212 0.20320
vn 0.80066 0.51951 0.29842
vn 0.50979 0.78566 0.35050
vn 0.92693 -0.35621 0.11795
vn 0.97687 0.03072 0.21163
vn 0.92201 0.24667 0.29841
vn 0.72762 0.58969 0.35047
vn 0.78516 -0.60952 0.10960
vn 0.94593 -0.25307 0.20292
vn 0.95311 -0.05030 0.29843
vn 0.87424 0.33598 0.35045
vn 0.60808 -0.78373 0.12649
vn 0.80587 -0.55836 0.19702
vn 0.90076 -0.32500 0.28810
vn 0.93527 0.04938 0.35048
vn 0.35622 -0.92692 0.11797
vn 0.55654 -0.80404 0.20925
vn 0.25306 -0.94593 0.20292
vn 0.77153 -0.56165 0.29881
vn 0.89057 -0.28938 0.35091
vn 0.32500 -0.90076 0.28810
vn 0.55763 -0.76746 0.31630
vn 0.72759 -0.58972 0.35049
vn 0.28941 -0.89057 0.35089
vn 0.55045 -0.75753 0.35091
vn -0.37604 0.91127 -0.16786
vn -0.04918 -0.99879 -0.00000
vn 0.23143 0.95826 -0.16785
vn 0.54730 -0.83694 0.00000
vn -0.87786 0.44732 -0.17107
vn 0.93470 -0.35543 0.00000
vn -0.97433 -0.15432 -0.16392
vn 0.98769 0.15643 0.00000
vn -0.69668 -0.69668 -0.17107
vn 0.70711 0.70711 0.00000
vn -0.15432 -0.97433 -0.16392
vn 0.04916 0.99879 0.00000
vn 0.37605 -0.91127 -0.16786
vn -0.54730 0.83694 0.00000
vn 0.87787 -0.44731 -0.17108
vn -0.93471 0.35542 0.00000
vn 0.95826 0.23145 -0.16785
vn -0.96509 -0.26190 -0.00000
vn 0.69756 0.69753 -0.16393
vn -0.62687 -0.77912 -0.00000
vn -0.15639 -0.98769 -0.00000
vn 0.38485 -0.87790 0.28494
vn -0.09878 -0.91907 0.38150
vn 0.54727 -0.83695 0.00000
vn 0.81097 -0.45995 0.36163
vn 0.93473 -0.35537 0.00000
vn 0.95385 0.09475 0.28495
vn 0.96512 0.26180 0.00000
vn 0.68807 0.62911 0.36163
vn 0.62681 0.77917 0.00000
vn 0.20457 0.93646 0.28495
vn 0.04917 0.99879 0.00000
vn -0.34920 0.87770 0.32817
vn -0.54727 0.83695 -0.00000
vn -0.79844 0.50477 0.32817
vn -0.93473 0.35537 -0.00000
vn -0.95042 -0.11509 0.28889
vn -0.98769 -0.15639 -0.00000
vn -0.62911 -0.68807 0.36163
vn -0.77917 -0.62681 -0.00000
vn -0.00308 -0.85280 0.52223
vn 0.22140 -0.81704 0.53239
vn 0.53086 -0.65938 0.53236
vn 0.69179 -0.49880 0.52214
vn 0.81018 -0.26645 0.52212
vn 0.84547 -0.04190 0.53237
vn 0.79116 0.30107 0.53237
vn 0.68820 0.50378 0.52209
vn 0.50378 0.68820 0.52209
vn 0.30107 0.79116 0.53237
vn -0.04190 0.84547 0.53237
vn -0.26645 0.81018 0.52212
vn -0.53085 0.65938 0.53237
vn -0.69179 0.49880 0.52214
vn -0.81703 0.22140 0.53239
vn -0.85279 -0.00308 0.52224
vn -0.79113 -0.30111 0.53239
vn -0.68820 -0.50378 0.52210
vn -0.50378 -0.68820 0.52210
vn -0.30111 -0.79114 0.53239
vn 0.07874 -0.20643 -0.97529
vn 0.00072 -0.25933 -0.96579
vn 0.15302 -0.20939 -0.96579
vn 0.16721 -0.12220 -0.97832
vn 0.20643 -0.07874 -0.97529
vn 0.30886 0.01554 -0.95098
vn 0.16352 0.05364 -0.98508
vn 0.16788 0.12126 -0.97832
vn 0.19411 0.24073 -0.95098
vn 0.05364 0.16353 -0.98508
vn 0.01554 0.30886 -0.95098
vn -0.07874 0.20643 -0.97529
vn -0.15302 0.20939 -0.96579
vn -0.16721 0.12220 -0.97832
vn -0.20643 0.07874 -0.97529
vn -0.25933 0.00072 -0.96579
vn -0.21328 -0.05763 -0.97529
vn -0.20084 -0.16194 -0.96615
vn -0.15185 -0.21022 -0.96579
vn -0.05763 -0.21328 -0.97529
vn -0.99060 0.13677 -0.00000
vn -0.79717 -0.60375 -0.00000
vn -0.13677 -0.99060 -0.00000
vn 0.60375 -0.79718 0.00000
vn 0.99060 -0.13677 0.00000
vn 0.79718 0.60375 0.00000
vn 0.00000 1.00000 -0.00000
vn -0.70711 0.70711 -0.00000
vn -0.04431 -0.83965 0.54131
vn -0.30166 -0.78485 0.54131
vn 0.02688 -0.76613 0.64212
vn -0.20895 -0.71390 0.66835
vn -0.00165 -0.53038 0.84776
vn -0.52940 -0.65327 0.54128
vn -0.31308 -0.42812 0.84776
vn 0.00002 -0.00002 1.00000
vn -0.50492 -0.16229 0.84777
vn -0.50389 0.16548 0.84777
vn -0.70538 -0.45769 0.54125
vn -0.42856 -0.63564 0.64210
vn -0.58866 -0.45477 0.66834
vn -0.79938 -0.25974 0.54178
vn -0.74157 -0.24093 0.62611
vn -0.84051 -0.00001 0.54179
vn -0.72189 0.00065 0.69200
vn -0.78489 0.30163 0.54127
vn -0.73696 0.21118 0.64210
vn -0.67998 0.49402 0.54182
vn -0.61362 0.44645 0.65127
vn -0.52935 0.65327 0.54132
vn -0.31039 0.43009 0.84775
vn -0.25976 0.79933 0.54184
vn -0.42851 0.63566 0.64211
vn -0.22253 0.68675 0.69199
vn 0.00001 0.84051 0.54180
vn 0.00165 0.53038 0.84776
vn 0.21737 0.81225 0.54129
vn 0.00002 0.77972 0.62613
vn 0.25165 0.70002 0.66831
vn 0.49401 0.67997 0.54185
vn 0.31313 0.42811 0.84775
vn 0.67994 0.49408 0.54182
vn 0.43839 0.60339 0.66613
vn 0.61417 0.44569 0.65127
vn 0.78486 0.30162 0.54131
vn 0.50496 0.16226 0.84776
vn 0.84050 -0.00001 0.54181
vn 0.73696 0.21112 0.64212
vn 0.72189 -0.00065 0.69201
vn 0.79935 -0.25972 0.54183
vn 0.50390 -0.16548 0.84776
vn 0.70535 -0.45772 0.54126
vn 0.74155 -0.24095 0.62613
vn 0.21734 -0.81225 0.54130
vn 0.49405 -0.67997 0.54181
vn 0.58799 -0.45563 0.66833
vn 0.31039 -0.43008 0.84776
vn 0.43835 -0.60341 0.66615
vn 0.25060 -0.70036 0.66835
vn -1.00000 -0.00060 -0.00000
vn -1.00000 -0.00300 -0.00000
vn -1.00000 -0.00300 -0.00000
vn -1.00000 -0.00001 -0.00000
vn -1.00000 0.00001 0.00002
vn -1.00000 0.00098 -0.00001
vn -1.00000 0.00099 -0.00001
vn -1.00000 0.00001 0.00002
vn -1.00000 0.00099 0.00000
vn -1.00000 0.00300 -0.00000
vn 0.00000 -0.00004 1.00000
vn 0.00000 0.48954 0.87198
vn 0.00000 0.91971 0.39260
vn 0.00000 0.85499 -0.51864
vn 0.00000 0.48976 -0.87186
vn 0.00000 -0.00004 -1.00000
vn 0.00000 -0.48979 -0.87184
vn -0.00060 1.00000 -0.00000
vn -0.00300 1.00000 -0.00000
vn -0.00300 1.00000 -0.00000
vn -0.00001 1.00000 -0.00000
vn 0.00001 1.00000 0.00002
vn 0.00098 1.00000 -0.00001
vn 0.00099 1.00000 -0.00001
vn 0.00001 1.00000 0.00002
vn 0.00099 1.00000 0.00000
vn 0.00300 1.00000 0.00000
vn -0.91958 -0.00000 -0.39290
vn -0.85523 -0.00000 0.51825
vn -0.48957 -0.00000 0.87196
vn -0.00004 0.00000 1.00000
vn 0.48954 0.00000 0.87198
vn 0.91971 0.00000 0.39260
vn 0.85499 0.00000 -0.51864
vn 0.48976 0.00000 -0.87186
vn -0.00004 0.00000 -1.00000
vn -0.48979 -0.00000 -0.87184
vn -0.66326 0.66326 -0.34665
vn -0.70224 0.70224 -0.11718
vn -0.69606 0.69606 -0.17607
vn 0.69606 0.69606 -0.17607
vn 0.69606 -0.69606 -0.17608
vn -0.70638 0.70638 0.04529
vn -0.70679 0.70678 0.03019
vn 0.70678 0.70678 0.03019
vn 0.70678 -0.70679 0.03019
vn -0.70421 0.70420 0.09049
vn 0.66326 0.66326 -0.34665
vn 0.70224 0.70224 -0.11718
vn 0.69606 0.69606 -0.17607
vn -0.69606 0.69606 -0.17607
vn -0.69606 -0.69606 -0.17608
vn 0.70638 0.70638 0.04529
vn 0.70679 0.70678 0.03019
vn -0.70678 0.70678 0.03019
vn -0.70678 -0.70679 0.03019
vn 0.70421 0.70420 0.09049
vn -0.66326 -0.66327 -0.34665
vn -0.70223 -0.70224 -0.11717
vn -0.69606 -0.69606 -0.17607
vn 0.69605 -0.69606 -0.17607
vn 0.69606 0.69606 -0.17608
vn -0.70638 -0.70638 0.04529
vn -0.70678 -0.70679 0.03019
vn 0.70678 -0.70679 0.03019
vn 0.70678 0.70679 0.03019
vn -0.70420 -0.70421 0.09049
vn 0.66326 -0.66327 -0.34665
vn 0.70223 -0.70224 -0.11717
vn 0.69606 -0.69606 -0.17607
vn -0.69605 -0.69606 -0.17607
vn -0.69606 0.69606 -0.17608
vn 0.70638 -0.70638 0.04529
vn 0.70678 -0.70679 0.03019
vn -0.70678 -0.70679 0.03019
vn -0.70678 0.70679 0.03019
vn 0.70420 -0.70421 0.09049
vn -0.28742 -0.95780 -0.00000
vn 0.03165 -0.99950 -0.00000
vn -0.56187 -0.82722 -0.00000
vn -0.79553 -0.60592 -0.00000
vn -0.94078 -0.33901 -0.00000
vn -0.99861 -0.05274 -0.00000
vn -0.95780 0.28743 0.00000
vn -0.82723 0.56187 0.00000
vn -0.62960 0.77692 0.00000
vn -0.33048 0.94381 -0.00000
vn 0.02262 0.99974 0.00000
vn 0.33900 0.94079 0.00000
vn 0.58779 0.80901 -0.00000
vn 0.80900 0.58781 -0.00000
vn 0.95105 0.30903 -0.00000
vn 1.00000 -0.00001 0.00000
vn 0.95105 -0.30905 -0.00000
vn 0.79551 -0.60593 -0.00000
vn 0.56189 -0.82721 -0.00000
vn 0.30904 -0.95105 -0.00000
vn -0.30901 -0.95106 -0.00000
vn -0.00001 -1.00000 -0.00000
vn -0.58779 -0.80902 -0.00000
vn -0.80903 -0.58777 -0.00000
vn -0.95104 -0.30905 -0.00000
vn -1.00000 -0.00001 -0.00000
vn -0.95106 0.30901 0.00000
vn -0.80901 0.58779 0.00000
vn -0.58777 0.80903 0.00000
vn -0.30905 0.95105 0.00000
vn -0.00001 1.00000 -0.00000
vn 0.30905 0.95105 -0.00000
vn 0.58780 0.80901 -0.00000
vn 0.80901 0.58780 -0.00000
vn 0.95105 0.30904 -0.00000
vn 1.00000 -0.00001 0.00000
vn 0.95104 -0.30905 -0.00000
vn 0.80901 -0.58780 -0.00000
vn 0.58780 -0.80901 -0.00000
vn 0.30904 -0.95105 -0.00000
vn 1.00000 0.00000 0.00000
vn 0.71825 0.69478 -0.03723
vn 0.74522 0.66682 -0.00028
vn 0.71688 0.68019 -0.15307
vn 0.64712 0.76234 -0.00849
vn 0.68745 0.72480 0.04564
vn 0.62838 0.77232 0.09302
vn -0.66678 -0.74526 -0.00028
vn -0.76234 -0.64712 -0.00850
vn 0.74524 -0.66680 -0.00028
vn 0.71827 -0.69477 -0.03723
vn 0.71690 -0.68017 -0.15307
vn 0.64715 -0.76232 -0.00849
vn 0.68747 -0.72478 0.04564
vn 0.62841 -0.77230 0.09302
vn -0.66678 0.74526 -0.00028
vn -0.76234 0.64712 -0.00850
vn -0.74522 0.66682 -0.00028
vn -0.71825 0.69479 -0.03723
vn -0.71688 0.68019 -0.15307
vn -0.64712 0.76234 -0.00849
vn -0.68745 0.72480 0.04564
vn -0.62838 0.77232 0.09302
vn 0.66678 -0.74526 -0.00028
vn 0.76234 -0.64712 -0.00850
vn -0.71827 -0.69477 -0.03723
vn -0.74524 -0.66680 -0.00028
vn -0.71690 -0.68017 -0.15307
vn -0.64715 -0.76232 -0.00849
vn -0.68747 -0.72478 0.04564
vn -0.62841 -0.77230 0.09302
vn 0.66677 0.74526 -0.00028
vn 0.76234 0.64712 -0.00850
vn -0.89461 0.00000 -0.44686
vn -0.94766 0.00000 -0.31927
vn -0.99804 0.00000 -0.06265
vn -0.99783 0.00000 0.06591
vn -0.92449 0.00000 0.38120
vn -0.92449 0.00000 0.38120
vn -0.89460 0.00000 -0.44687
vn -0.94766 0.00000 -0.31927
vn -0.99804 0.00000 -0.06264
vn -0.99782 0.00000 0.06592
vn -0.92449 0.00000 0.38120
vn -0.19598 0.00000 -0.98061
vn -0.13037 0.00000 0.99147
vn -0.26074 0.00000 0.96541
vn -0.19600 0.00000 -0.98060
vn -0.19600 -0.00000 -0.98060
vn -0.13037 0.00000 0.99147
vn -0.26073 0.00000 0.96541
vn 0.94766 0.00000 -0.31927
vn 0.89461 0.00000 -0.44686
vn 0.99783 0.00000 0.06591
vn 0.99804 0.00000 -0.06265
vn 0.92449 0.00000 0.38120
vn 0.92449 0.00000 0.38120
vn 0.94766 0.00000 -0.31927
vn 0.89460 0.00000 -0.44687
vn 0.99782 0.00000 0.06592
vn 0.99804 0.00000 -0.06264
vn 0.92449 0.00000 0.38120
vn 0.19598 0.00000 -0.98061
vn 0.26074 0.00000 0.96541
vn 0.13037 0.00000 0.99147
vn 0.19600 0.00000 -0.98060
vn 0.19600 0.00000 -0.98060
vn 0.26073 0.00000 0.96541
vn 0.13037 0.00000 0.99147
vn 0.45129 0.47662 0.75444
vn 0.47305 0.32358 0.81946
vn -0.45130 0.47662 0.75443
vn -0.16358 0.95020 0.26527
vn -0.47306 0.32358 0.81945
vn 0.16358 0.95020 0.26527
vn -0.40224 0.50095 -0.76632
vn 0.40223 0.50095 -0.76633
vn 0.63125 0.20410 -0.74824
vn 0.90312 0.11300 -0.41426
vn -0.90312 0.11299 -0.41425
vn -0.63126 0.20410 -0.74823
vn -0.61341 0.30832 -0.72709
vn 0.83126 0.23377 0.50434
vn 0.88210 0.28679 -0.37370
vn -0.83127 0.23377 0.50433
vn -0.88210 0.28679 -0.37369
vn -0.63753 0.31771 0.70187
vn 0.62657 0.39661 0.67090
vn 0.63752 0.31772 0.70188
vn -0.58587 0.53980 0.60447
vn 0.55620 0.50595 -0.65928
vn -0.55621 0.50595 -0.65928
vn -0.76633 -0.63902 0.06622
vn -0.81341 -0.57740 0.07056
vn -0.81341 0.57740 0.07056
vn -0.76633 0.63902 0.06622
vn 0.81341 -0.57740 0.07056
vn 0.76633 -0.63902 0.06622
vn 0.76633 0.63902 0.06622
vn 0.81341 0.57740 0.07056
vn -0.62878 -0.70205 -0.33429
vn -0.52731 -0.80597 -0.26900
vn -0.81311 0.57875 -0.06246
vn -0.99460 -0.04797 -0.09208
vn -0.60376 -0.79716 -0.00000
vn 0.99460 -0.04797 -0.09208
vn 0.60376 -0.79716 0.00000
vn 0.99394 0.10861 0.01706
vn 0.66326 0.66327 -0.34665
vn 0.70223 0.70224 -0.11718
vn 0.66326 -0.66326 -0.34665
vn 0.70223 -0.70224 -0.11718
vn -0.66326 -0.66326 -0.34665
vn -0.69606 -0.69606 -0.17608
vn -0.70224 -0.70223 -0.11718
vn 0.70421 0.70421 0.09049
vn 0.70638 0.70638 0.04529
vn 0.70420 -0.70421 0.09049
vn 0.70638 -0.70638 0.04529
vn -0.70420 -0.70421 0.09049
vn -0.70638 -0.70638 0.04529
vn -0.70678 -0.70678 0.03019
vn -0.66326 0.66327 -0.34665
vn -0.70223 0.70224 -0.11718
vn -0.66326 -0.66326 -0.34665
vn -0.70223 -0.70224 -0.11718
vn 0.66326 -0.66326 -0.34665
vn 0.70224 -0.70223 -0.11718
vn 0.69606 -0.69606 -0.17608
vn -0.70421 0.70421 0.09049
vn -0.70638 0.70638 0.04529
vn -0.70420 -0.70421 0.09049
vn -0.70638 -0.70638 0.04529
vn 0.70420 -0.70421 0.09049
vn 0.70678 -0.70678 0.03019
vn 0.70638 -0.70638 0.04529
vn 0.66326 -0.66327 -0.34665
vn 0.70223 -0.70224 -0.11717
vn 0.66326 0.66326 -0.34665
vn 0.70223 0.70224 -0.11718
vn -0.66326 0.66326 -0.34665
vn -0.70223 0.70224 -0.11718
vn -0.69606 0.69606 -0.17607
vn 0.70420 -0.70421 0.09049
vn 0.70638 -0.70639 0.04529
vn 0.70420 0.70421 0.09049
vn 0.70638 0.70639 0.04529
vn -0.70420 0.70421 0.09049
vn -0.70678 0.70679 0.03019
vn -0.70638 0.70638 0.04529
vn -0.66326 -0.66327 -0.34665
vn -0.70223 -0.70224 -0.11717
vn -0.66326 0.66326 -0.34665
vn -0.70223 0.70224 -0.11718
vn 0.66326 0.66326 -0.34665
vn 0.69606 0.69606 -0.17607
vn 0.70223 0.70224 -0.11718
vn -0.70420 -0.70421 0.09049
vn -0.70638 -0.70639 0.04529
vn -0.70420 0.70421 0.09049
vn -0.70638 0.70639 0.04529
vn 0.70420 0.70421 0.09049
vn 0.70638 0.70638 0.04529
vn 0.70678 0.70679 0.03019
vn -0.69475 -0.71828 -0.03726
vn -0.68015 -0.71692 -0.15307
vn -0.72479 -0.68746 0.04564
vn -0.77233 -0.62837 0.09308
vn -0.69475 0.71828 -0.03724
vn -0.68015 0.71690 -0.15315
vn -0.72478 0.68746 0.04567
vn -0.77232 0.62838 0.09305
vn 0.69475 -0.71828 -0.03726
vn 0.68015 -0.71692 -0.15307
vn 0.72479 -0.68746 0.04564
vn 0.77233 -0.62837 0.09308
vn 0.69475 0.71828 -0.03724
vn 0.68015 0.71690 -0.15315
vn 0.72478 0.68747 0.04567
vn 0.77232 0.62838 0.09305
vn -0.70467 -0.69220 -0.15589
vn -0.70199 -0.70199 -0.12011
vn -0.70710 0.70711 0.00000
vn -0.70710 0.70711 0.00000
vn -0.70710 0.70711 -0.00000
vn -0.70467 0.69220 -0.15589
vn -0.70199 0.70199 -0.12011
vn -0.70711 -0.70711 0.00000
vn -0.70711 -0.70711 0.00000
vn 0.00000 -0.96584 0.25913
vn -0.00000 -0.91958 -0.39290
vn 0.00000 -0.48957 0.87196
vn 0.00000 0.48954 0.87198
vn 0.00000 0.96579 -0.25932
vn 0.00000 0.48976 -0.87186
vn 0.00000 -0.48979 -0.87184
vn 0.70199 -0.70199 -0.12011
vn 0.70467 -0.69220 -0.15589
vn 0.70710 0.70711 -0.00000
vn 0.70710 0.70711 0.00000
vn 0.70710 0.70711 -0.00000
vn 0.70467 0.69220 -0.15589
vn 0.70199 0.70199 -0.12011
vn 0.70711 -0.70711 0.00000
vn 0.70711 -0.70711 0.00000
vn 0.70711 -0.70711 -0.00000
vn -0.81857 -0.47033 -0.32974
vn 0.00000 1.00000 0.00000
vn -0.90121 -0.37334 0.22007
vn -0.00000 -1.00000 -0.00000
vn 0.94046 0.29281 -0.17260
vn 0.38273 0.92386 0.00000
vn 0.35542 -0.93471 0.00000
vn -0.26190 -0.96509 -0.00000
vn 0.83694 -0.54730 0.00000
vn 0.98769 0.15643 0.00000
vn 0.70711 0.70711 0.00000
vn 0.26188 0.96510 0.00000
vn -0.35543 0.93470 -0.00000
vn -0.83694 0.54730 0.00000
vn -0.99879 -0.04918 0.00000
vn -0.77912 -0.62687 -0.00000
vn -0.99060 -0.13677 -0.00000
vn -0.60375 -0.79718 -0.00000
vn 0.13677 -0.99060 0.00000
vn 0.79717 -0.60375 0.00000
vn 0.99060 0.13677 0.00000
vn 0.60375 0.79717 -0.00000
vn 0.00000 1.00000 -0.00000
vn -0.70711 0.70711 -0.00000
vn 0.00000 0.48954 0.87198
vn 0.00000 0.96579 -0.25932
vn 0.00000 0.48976 -0.87186
vn 0.00000 -0.00004 -1.00000
vn 0.00000 -0.48979 -0.87184
vn -0.91958 -0.00000 -0.39290
vn -0.96584 -0.00000 0.25913
vn -0.48957 -0.00000 0.87196
vn -0.00004 -0.00000 1.00000
vn 0.48954 0.00000 0.87198
vn 0.91971 0.00000 0.39260
vn 0.96579 0.00000 -0.25932
vn 0.48976 0.00000 -0.87186
vn -0.00004 -0.00000 -1.00000
vn -0.48979 -0.00000 -0.87184
vn -0.00001 -1.00000 -0.00000
vn -0.35871 -0.93345 -0.00000
vn -0.62964 -0.77689 0.00000
vn -0.83888 -0.54431 -0.00000
vn -0.96602 -0.25849 -0.00000
vn -0.99861 0.05273 0.00000
vn -0.93345 0.35870 0.00000
vn -0.77689 0.62964 0.00000
vn -0.54431 0.83888 -0.00000
vn -0.25848 0.96602 0.00000
vn -0.00001 1.00000 0.00000
vn 0.25847 0.96602 -0.00000
vn 0.54433 0.83887 0.00000
vn 0.77690 0.62963 -0.00000
vn 0.93343 0.35875 -0.00000
vn 0.99861 0.05273 0.00000
vn 0.96602 -0.25848 0.00000
vn 0.83887 -0.54433 -0.00000
vn 0.62963 -0.77690 -0.00000
vn 0.35875 -0.93343 -0.00000
vn -1.00000 0.00000 0.00000
vn -0.70711 0.70711 -0.00000
vn -0.70711 0.70711 -0.00000
vn -0.70711 0.70711 0.00000
vn -0.70729 -0.70693 0.00000
vn -0.70729 -0.70693 0.00004
vn -0.70729 -0.70693 -0.00004
vn 0.70711 0.70711 -0.00000
vn 0.70711 0.70711 -0.00000
vn 0.70711 0.70711 0.00000
vn 0.70729 -0.70692 0.00000
vn 0.70729 -0.70692 0.00004
vn 0.70729 -0.70692 -0.00004
# 861 normal vertices

g vehicle#twin_pylon_001_169_2
usemtl 939ad3eb-60d4-44ee-8ac4-38606db
f 3/3/3 4/2/3 5/1/3
f 16/1/9 15/2/9 14/3/9
f 25/3/3 26/2/14 27/1/3
f 38/1/9 37/2/11 36/3/9
f 48/2/3 47/3/3 49/1/3
f 59/2/9 60/1/9 58/3/9
f 70/2/14 69/3/3 71/1/3
f 81/2/11 82/1/9 80/3/9
f 16/1/617 17/4/10 6/4/4
f 5/1/618 16/1/617 6/4/4
f 15/2/619 16/1/617 5/1/618
f 4/2/620 15/2/619 5/1/618
f 14/3/621 15/2/619 4/2/620
f 3/3/622 14/3/621 4/2/620
f 14/3/621 3/3/622 2/5/2
f 13/5/2 14/3/621 2/5/2
f 38/1/623 39/4/21 28/4/15
f 27/1/624 38/1/623 28/4/15
f 37/2/625 38/1/623 27/1/624
f 26/2/626 37/2/625 27/1/624
f 36/3/627 37/2/625 26/2/626
f 25/3/627 36/3/627 26/2/626
f 36/3/627 25/3/627 24/5/13
f 35/5/20 36/3/627 24/5/13
f 8/8/5 11/7/8 10/6/7
f 9/9/6 8/8/5 10/6/7
f 20/9/9 21/6/9 22/7/9
f 19/8/11 20/9/9 22/7/9
f 11/7/8 1/11/1 7/10/1
f 10/6/7 11/7/8 7/10/1
f 21/6/9 18/10/9 12/11/9
f 22/7/9 21/6/9 12/11/9
f 21/6/41 10/6/41 7/10/628
f 18/10/628 21/6/41 7/10/628
f 1/11/629 11/7/39 22/7/39
f 12/11/630 1/11/629 22/7/39
f 7/10/1 1/11/1 2/5/3
f 6/4/3 7/10/1 2/5/3
f 18/10/9 17/4/9 13/5/9
f 12/11/9 18/10/9 13/5/9
f 7/10/628 6/4/4 17/4/10
f 18/10/628 7/10/628 17/4/10
f 2/5/2 1/11/629 12/11/630
f 13/5/2 2/5/2 12/11/630
f 30/8/17 33/7/19 32/6/18
f 31/9/17 30/8/17 32/6/18
f 42/9/9 43/6/9 44/7/9
f 41/8/9 42/9/9 44/7/9
f 33/7/19 23/11/12 29/10/16
f 32/6/18 33/7/19 29/10/16
f 43/6/9 40/10/9 34/11/9
f 44/7/9 43/6/9 34/11/9
f 43/6/41 32/6/41 29/10/631
f 40/10/632 43/6/41 29/10/631
f 23/11/633 33/7/39 44/7/39
f 34/11/634 23/11/633 44/7/39
f 28/4/3 29/10/16 23/11/12
f 24/5/3 28/4/3 23/11/12
f 34/11/9 40/10/9 39/4/9
f 35/5/9 34/11/9 39/4/9
f 29/10/631 28/4/15 39/4/21
f 40/10/632 29/10/631 39/4/21
f 24/5/13 23/11/633 34/11/634
f 35/5/20 24/5/13 34/11/634
f 3/3/3 5/1/3 6/4/3
f 2/5/3 3/3/3 6/4/3
f 17/4/9 16/1/9 14/3/9
f 13/5/9 17/4/9 14/3/9
f 25/3/3 27/1/3 28/4/3
f 24/5/3 25/3/3 28/4/3
f 39/4/9 38/1/9 36/3/9
f 35/5/9 39/4/9 36/3/9
f 20/9/41 9/9/41 10/6/41
f 21/6/41 20/9/41 10/6/41
f 11/7/39 8/8/39 19/8/39
f 22/7/39 11/7/39 19/8/39
f 42/9/41 31/9/41 32/6/41
f 43/6/41 42/9/41 32/6/41
f 33/7/39 30/8/39 41/8/39
f 44/7/39 33/7/39 41/8/39
f 60/1/636 49/1/635 50/4/24
f 61/4/29 60/1/636 50/4/24
f 59/2/638 48/2/637 49/1/635
f 60/1/636 59/2/638 49/1/635
f 58/3/640 47/3/639 48/2/637
f 59/2/638 58/3/640 48/2/637
f 58/3/640 57/5/23 46/5/23
f 47/3/639 58/3/640 46/5/23
f 82/1/642 71/1/641 72/4/32
f 83/4/38 82/1/642 72/4/32
f 81/2/644 70/2/643 71/1/641
f 82/1/642 81/2/644 71/1/641
f 80/3/645 69/3/645 70/2/643
f 81/2/644 80/3/645 70/2/643
f 80/3/645 79/5/37 68/5/31
f 69/3/645 80/3/645 68/5/31
f 52/8/25 53/9/26 54/6/27
f 55/7/28 52/8/25 54/6/27
f 64/9/9 63/8/11 66/7/9
f 65/6/9 64/9/9 66/7/9
f 55/7/28 54/6/27 51/10/22
f 45/11/22 55/7/28 51/10/22
f 65/6/9 66/7/9 56/11/9
f 62/10/9 65/6/9 56/11/9
f 65/6/41 62/10/646 51/10/646
f 54/6/41 65/6/41 51/10/646
f 45/11/648 56/11/647 66/7/39
f 55/7/39 45/11/648 66/7/39
f 51/10/22 50/4/3 46/5/3
f 45/11/22 51/10/22 46/5/3
f 62/10/9 56/11/9 57/5/9
f 61/4/9 62/10/9 57/5/9
f 51/10/646 62/10/646 61/4/29
f 50/4/24 51/10/646 61/4/29
f 46/5/23 57/5/23 56/11/647
f 45/11/648 46/5/23 56/11/647
f 74/8/34 75/9/34 76/6/35
f 77/7/36 74/8/34 76/6/35
f 86/9/9 85/8/9 88/7/9
f 87/6/9 86/9/9 88/7/9
f 77/7/36 76/6/35 73/10/33
f 67/11/30 77/7/36 73/10/33
f 87/6/9 88/7/9 78/11/9
f 84/10/9 87/6/9 78/11/9
f 87/6/41 84/10/650 73/10/649
f 76/6/41 87/6/41 73/10/649
f 67/11/652 78/11/651 88/7/39
f 77/7/39 67/11/652 88/7/39
f 67/11/30 73/10/33 72/4/3
f 68/5/3 67/11/30 72/4/3
f 83/4/9 84/10/9 78/11/9
f 79/5/9 83/4/9 78/11/9
f 73/10/649 84/10/650 83/4/38
f 72/4/32 73/10/649 83/4/38
f 68/5/31 79/5/37 78/11/651
f 67/11/652 68/5/31 78/11/651
f 47/3/3 46/5/3 50/4/3
f 49/1/3 47/3/3 50/4/3
f 61/4/9 57/5/9 58/3/9
f 60/1/9 61/4/9 58/3/9
f 69/3/3 68/5/3 72/4/3
f 71/1/3 69/3/3 72/4/3
f 83/4/9 79/5/9 80/3/9
f 82/1/9 83/4/9 80/3/9
f 64/9/41 65/6/41 54/6/41
f 53/9/41 64/9/41 54/6/41
f 55/7/39 66/7/39 63/8/39
f 52/8/39 55/7/39 63/8/39
f 86/9/41 87/6/41 76/6/41
f 75/9/41 86/9/41 76/6/41
f 77/7/39 88/7/39 85/8/39
f 74/8/39 77/7/39 85/8/39
f 92/14/39 91/13/39 89/12/39
f 90/15/39 92/14/39 89/12/39
f 94/14/40 93/13/40 91/12/40
f 92/15/40 94/14/40 91/12/40
f 96/14/41 95/13/41 93/12/41
f 94/15/41 96/14/41 93/12/41
f 90/14/44 89/13/44 95/12/44
f 96/15/44 90/14/44 95/12/44
f 91/14/9 93/13/9 95/12/9
f 89/15/9 91/14/9 95/12/9
f 94/14/3 92/13/3 90/12/3
f 96/15/3 94/14/3 90/12/3
f 100/14/41 98/15/41 97/12/41
f 99/13/41 100/14/41 97/12/41
f 102/14/40 100/15/40 99/12/40
f 101/13/40 102/14/40 99/12/40
f 104/14/39 102/15/39 101/12/39
f 103/13/39 104/14/39 101/12/39
f 98/14/44 104/15/44 103/12/44
f 97/13/44 98/14/44 103/12/44
f 99/14/9 97/15/9 103/12/9
f 101/13/9 99/14/9 103/12/9
f 102/14/3 104/15/3 98/12/3
f 100/13/3 102/14/3 98/12/3
f 111/18/47 113/17/48 114/16/49
f 110/19/46 111/18/47 114/16/49
f 114/16/49 119/17/51 117/18/50
f 110/19/46 114/16/49 117/18/50
f 120/21/44 113/16/44 111/20/44
f 112/22/44 120/21/44 111/20/44
f 113/16/44 120/21/44 108/23/44
f 107/24/44 113/16/44 108/23/44
f 117/20/40 119/16/40 121/21/40
f 118/22/40 117/20/40 121/21/40
f 119/16/40 115/24/40 116/23/40
f 121/21/40 119/16/40 116/23/40
f 118/22/654 121/21/653 122/25/52
f 109/26/45 118/22/654 122/25/52
f 120/21/655 122/25/52 105/27/42
f 108/23/656 120/21/655 105/27/42
f 122/25/52 120/21/655 112/22/657
f 109/26/45 122/25/52 112/22/657
f 105/27/42 122/25/52 121/21/653
f 116/23/658 105/27/42 121/21/653
f 106/24/43 114/16/49 113/17/48
f 107/28/659 106/24/43 113/17/48
f 119/17/51 114/16/49 106/24/43
f 115/28/660 119/17/51 106/24/43
f 108/31/656 105/30/42 106/29/43
f 107/32/9 108/31/656 106/29/43
f 106/29/43 105/30/42 116/31/658
f 115/32/9 106/29/43 116/31/658
f 110/29/3 109/30/3 112/31/3
f 111/32/3 110/29/3 112/31/3
f 110/29/3 117/32/3 118/31/3
f 109/30/3 110/29/3 118/31/3
f 126/35/54 125/34/9 124/33/9
f 123/36/53 126/35/54 124/33/9
f 128/33/3 129/34/3 130/35/3
f 127/36/3 128/33/3 130/35/3
f 129/39/662 128/38/661 132/37/56
f 131/40/55 129/39/662 132/37/56
f 124/33/9 133/34/9 134/35/57
f 123/36/53 124/33/9 134/35/57
f 128/33/3 127/36/3 136/35/3
f 135/34/3 128/33/3 136/35/3
f 132/37/665 128/38/664 135/39/663
f 137/40/58 132/37/665 135/39/663
f 138/43/59 130/42/666 129/41/662
f 131/37/55 138/43/59 129/41/662
f 126/44/40 138/43/59 131/37/55
f 125/45/667 126/44/40 131/37/55
f 139/43/60 137/37/58 135/41/663
f 136/42/668 139/43/60 135/41/663
f 137/37/58 139/43/60 134/44/44
f 133/45/669 137/37/58 134/44/44
f 136/48/668 127/47/670 140/46/61
f 139/49/60 136/48/668 140/46/61
f 138/49/59 126/51/54 123/50/53
f 140/46/671 138/49/59 123/50/53
f 140/46/671 127/47/672 130/48/666
f 138/49/59 140/46/671 130/48/666
f 123/50/673 134/51/57 139/49/60
f 140/46/61 123/50/673 139/49/60
f 124/53/674 125/52/667 131/40/55
f 132/37/56 124/53/674 131/40/55
f 137/40/58 133/52/669 124/53/675
f 132/37/665 137/40/58 124/53/675
g Object004
f 147/56/68 146/55/67 145/54/66
f 147/59/677 145/58/676 150/57/71
f 156/62/77 157/61/78 155/60/76
f 155/65/679 157/64/678 160/63/81
f 164/68/85 162/67/83 165/66/86
f 170/71/91 169/70/90 168/69/89
f 186/55/107 187/56/108 185/54/106
f 185/58/681 187/59/680 190/57/111
f 197/61/118 196/62/117 195/60/116
f 197/64/683 195/65/682 200/63/121
f 203/74/124 202/73/123 201/72/122
f 201/72/122 204/76/125 205/75/126
f 207/78/128 206/77/127 202/73/123
f 208/79/129 204/76/125 206/77/127
f 222/82/143 216/81/137 213/80/134
f 222/82/685 221/83/142 216/81/684
f 218/86/139 220/85/141 235/84/156
f 246/89/167 249/88/170 206/87/686
f 204/92/688 208/91/687 251/90/172
f 201/95/690 257/94/178 203/93/689
f 263/98/184 202/97/691 260/96/181
f 211/101/132 276/100/197 210/99/131
f 279/104/200 278/103/199 277/102/198
f 283/106/204 282/105/203 278/103/199
f 285/108/206 284/107/205 282/105/203
f 286/110/207 280/109/201 284/107/205
f 448/113/369 449/112/370 428/111/349
f 450/116/371 451/115/372 431/114/352
f 452/119/373 453/118/374 433/117/354
f 454/122/375 455/121/376 435/120/356
f 456/125/377 457/124/378 437/123/358
f 458/128/379 459/127/380 439/126/360
f 460/131/381 461/130/382 441/129/362
f 462/134/383 463/133/384 443/132/364
f 464/137/385 465/136/386 445/135/366
f 466/140/387 447/139/368 429/138/350
f 468/143/389 285/142/206 467/141/388
f 469/146/390 282/145/203 470/144/391
f 471/149/392 283/148/204 472/147/393
f 473/152/394 278/151/199 474/150/395
f 475/155/396 279/154/200 476/153/397
f 477/158/398 277/157/198 478/156/399
f 479/161/400 281/160/202 480/159/401
f 481/164/402 280/163/201 482/162/403
f 483/167/404 286/166/207 484/165/405
f 485/170/406 284/169/205 486/168/407
f 317/173/238 413/172/334 315/171/236
f 321/176/242 411/175/332 319/174/240
f 313/179/234 415/178/336 311/177/232
f 325/182/246 407/181/328 323/180/244
f 309/185/230 417/184/338 307/183/228
f 287/188/208 409/187/330 289/186/210
f 305/191/226 419/190/340 303/189/224
f 293/194/214 425/193/346 291/192/212
f 301/197/222 421/196/342 299/195/220
f 297/200/218 423/199/344 295/198/216
f 507/203/39 494/202/39 493/201/39
f 507/203/39 503/205/39 502/204/39
f 508/208/39 509/207/39 524/206/39
f 509/207/39 510/209/39 524/206/39
f 510/209/39 511/210/39 524/206/39
f 511/210/39 512/211/39 524/206/39
f 512/211/39 513/212/39 524/206/39
f 513/212/39 514/213/39 524/206/39
f 514/213/39 515/214/39 524/206/39
f 515/214/39 508/208/39 524/206/39
f 527/217/418 529/216/420 528/215/419
f 529/216/420 532/219/423 531/218/422
f 531/218/422 532/219/423 533/220/424
f 533/220/424 532/219/423 534/221/425
f 536/223/427 531/218/422 537/222/428
f 539/225/430 533/220/424 541/224/432
f 543/227/434 534/221/425 545/226/436
f 534/221/425 532/219/423 547/228/438
f 549/230/440 547/228/438 550/229/441
f 547/228/438 532/219/423 552/231/443
f 554/233/445 552/231/443 555/232/446
f 552/231/443 532/219/423 557/234/448
f 559/236/450 557/234/448 560/235/451
f 557/234/448 532/219/423 562/237/453
f 564/239/455 562/237/453 565/238/456
f 562/237/453 532/219/423 567/240/458
f 569/242/460 567/240/458 572/241/463
f 567/240/458 532/219/423 573/243/464
f 573/243/464 532/219/423 529/244/420
f 574/246/465 573/243/464 575/245/466
f 579/68/470 580/66/471 576/67/467
f 585/71/476 583/69/474 584/70/475
f 599/68/487 600/66/488 596/67/484
f 605/71/493 603/69/491 604/70/492
f 617/249/505 618/248/506 616/247/504
f 618/248/693 619/251/507 616/250/692
f 619/251/695 620/253/508 616/252/694
f 620/253/698 617/255/697 616/254/696
f 622/258/510 621/257/509 625/256/513
f 623/260/511 622/258/700 625/259/699
f 624/262/512 623/260/702 625/261/701
f 621/264/705 624/262/704 625/263/703
f 628/248/516 627/249/515 626/247/514
f 629/251/517 628/248/707 626/250/706
f 630/253/518 629/251/709 626/252/708
f 627/255/712 630/253/711 626/254/710
f 631/257/519 632/258/520 635/256/523
f 632/258/714 633/260/521 635/259/713
f 633/260/716 634/262/522 635/261/715
f 634/262/719 631/264/718 635/263/717
f 638/248/526 637/249/525 636/247/524
f 639/251/527 638/248/721 636/250/720
f 640/253/528 639/251/723 636/252/722
f 637/255/726 640/253/725 636/254/724
f 641/257/529 642/258/530 645/256/533
f 642/258/728 643/260/531 645/259/727
f 643/260/730 644/262/532 645/261/729
f 644/262/733 641/264/732 645/263/731
f 647/249/535 648/248/536 646/247/534
f 648/248/735 649/251/537 646/250/734
f 649/251/737 650/253/538 646/252/736
f 650/253/740 647/255/739 646/254/738
f 652/258/540 651/257/539 655/256/543
f 653/260/541 652/258/742 655/259/741
f 654/262/542 653/260/744 655/261/743
f 651/264/747 654/262/746 655/263/745
f 714/267/587 713/266/586 712/265/585
f 717/270/590 715/269/588 716/268/589
f 714/273/749 712/272/748 718/271/591
f 717/276/751 716/275/750 719/274/592
f 722/279/595 721/278/594 720/277/593
f 725/282/598 724/281/597 723/280/596
f 722/285/753 726/284/599 721/283/752
f 725/288/755 727/287/600 724/286/754
f 730/267/603 729/265/602 728/266/601
f 733/270/606 732/268/605 731/269/604
f 730/273/757 734/271/607 729/272/756
f 733/276/759 735/274/608 732/275/758
f 738/279/611 737/277/610 736/278/609
f 741/282/614 739/280/612 740/281/613
f 738/285/761 736/283/760 742/284/615
f 741/288/763 740/286/762 743/287/616
f 142/291/63 144/290/65 141/289/62
f 143/292/64 142/291/63 141/289/62
f 145/54/66 146/55/67 144/290/65
f 142/291/63 145/54/66 144/290/65
f 141/295/764 148/294/69 149/293/70
f 143/296/765 141/295/764 149/293/70
f 148/294/69 150/57/71 145/58/676
f 149/293/70 148/294/69 145/58/676
f 142/299/766 143/298/767 149/297/766
f 145/300/768 142/299/766 149/297/766
f 153/303/74 152/302/73 154/301/75
f 151/304/72 153/303/74 154/301/75
f 152/302/73 156/62/77 155/60/76
f 154/301/75 152/302/73 155/60/76
f 158/307/79 159/306/80 153/305/769
f 151/308/770 158/307/79 153/305/769
f 155/65/679 160/63/81 159/306/80
f 158/307/79 155/65/679 159/306/80
f 158/311/771 151/310/772 154/309/771
f 155/312/772 158/311/771 154/309/771
f 162/67/83 164/68/85 161/313/82
f 163/314/84 162/67/83 161/313/82
f 162/67/83 166/316/87 167/315/88
f 165/66/86 162/67/83 167/315/88
f 166/316/87 168/69/89 169/70/90
f 167/315/88 166/316/87 169/70/90
f 161/319/773 172/318/93 171/317/92
f 163/320/774 161/319/773 171/317/92
f 172/323/93 161/322/773 164/321/775
f 173/324/94 172/323/93 164/321/775
f 164/321/775 165/326/477 174/325/95
f 173/324/94 164/321/775 174/325/95
f 174/325/95 165/326/477 167/327/776
f 175/328/96 174/325/95 167/327/776
f 167/327/776 169/330/97 176/329/97
f 175/328/96 167/327/776 176/329/97
f 170/333/777 177/332/98 176/331/97
f 169/334/97 170/333/777 176/331/97
f 177/337/98 170/336/777 168/335/778
f 178/338/99 177/337/98 168/335/778
f 168/335/778 166/340/100 179/339/100
f 178/338/99 168/335/778 179/339/100
f 179/339/100 166/340/100 162/341/779
f 180/342/101 179/339/100 162/341/779
f 162/341/779 163/344/774 171/343/92
f 180/342/101 162/341/779 171/343/92
f 182/289/103 184/290/105 181/291/102
f 183/292/104 182/289/103 181/291/102
f 184/290/105 186/55/107 185/54/106
f 181/291/102 184/290/105 185/54/106
f 182/295/781 183/296/780 189/293/110
f 188/294/109 182/295/781 189/293/110
f 185/58/681 190/57/111 188/294/109
f 189/293/110 185/58/681 188/294/109
f 189/297/782 183/298/783 181/299/782
f 185/300/784 189/297/782 181/299/782
f 193/303/114 192/304/113 194/301/115
f 191/302/112 193/303/114 194/301/115
f 195/60/116 196/62/117 191/302/112
f 194/301/115 195/60/116 191/302/112
f 193/305/785 199/306/120 198/307/119
f 192/308/786 193/305/785 198/307/119
f 199/306/120 200/63/121 195/65/682
f 198/307/119 199/306/120 195/65/682
f 194/309/787 192/310/788 198/311/787
f 195/312/789 194/309/787 198/311/787
f 202/73/123 206/77/127 204/76/125
f 201/72/122 202/73/123 204/76/125
f 210/99/131 209/346/130 214/345/135
f 211/101/132 210/99/131 214/345/135
f 209/346/130 210/99/131 274/347/195
f 212/348/133 209/346/130 274/347/195
f 212/348/133 224/349/145 213/80/134
f 209/346/130 212/348/133 213/80/134
f 213/80/134 216/81/137 214/345/135
f 209/346/130 213/80/134 214/345/135
f 214/345/135 216/81/137 215/350/136
f 211/101/132 214/345/135 215/350/136
f 217/351/138 218/86/139 215/350/790
f 216/81/684 217/351/138 215/350/790
f 217/351/138 219/352/140 220/85/141
f 218/86/139 217/351/138 220/85/141
f 221/83/142 219/352/140 217/351/138
f 216/81/684 221/83/142 217/351/138
f 221/83/142 225/354/146 223/353/144
f 219/352/140 221/83/142 223/353/144
f 219/352/140 223/353/144 232/355/153
f 220/85/141 219/352/140 232/355/153
f 224/349/145 226/356/147 222/82/143
f 213/80/134 224/349/145 222/82/143
f 222/82/685 226/356/147 225/354/146
f 221/83/142 222/82/685 225/354/146
f 227/358/148 228/357/149 224/349/145
f 212/348/133 227/358/148 224/349/145
f 228/357/149 231/359/152 226/356/147
f 224/349/145 228/357/149 226/356/147
f 226/356/147 231/359/152 229/360/150
f 225/354/146 226/356/147 229/360/150
f 225/354/146 229/360/150 230/361/151
f 223/353/144 225/354/146 230/361/151
f 233/362/154 232/355/153 223/353/144
f 230/361/151 233/362/154 223/353/144
f 234/363/155 235/84/156 220/85/141
f 232/355/153 234/363/155 220/85/141
f 232/355/153 233/362/154 236/364/157
f 234/363/155 232/355/153 236/364/157
f 233/362/154 238/366/159 237/365/158
f 236/364/157 233/362/154 237/365/158
f 230/361/151 240/367/161 238/366/159
f 233/362/154 230/361/151 238/366/159
f 237/365/158 238/366/159 241/368/162
f 239/369/160 237/365/158 241/368/162
f 229/360/150 242/370/163 240/367/161
f 230/361/151 229/360/150 240/367/161
f 240/367/161 245/371/166 241/368/162
f 238/366/159 240/367/161 241/368/162
f 231/359/152 253/372/174 242/370/163
f 229/360/150 231/359/152 242/370/163
f 243/374/164 244/373/165 239/369/160
f 241/368/162 243/374/164 239/369/160
f 242/370/163 250/375/171 245/371/166
f 240/367/161 242/370/163 245/371/166
f 245/371/166 248/376/169 243/374/164
f 241/368/162 245/371/166 243/374/164
f 246/89/167 247/377/168 244/373/165
f 243/374/164 246/89/167 244/373/165
f 246/89/167 206/87/686 207/378/791
f 247/377/168 246/89/167 207/378/791
f 248/376/169 249/88/170 246/89/167
f 243/374/164 248/376/169 246/89/167
f 206/87/792 249/88/170 251/90/172
f 208/91/687 206/87/686 251/90/172
f 250/375/171 252/379/173 248/376/169
f 245/371/166 250/375/171 248/376/169
f 204/92/688 251/90/172 254/380/175
f 205/381/793 204/92/688 254/380/175
f 252/379/173 251/90/172 249/88/170
f 248/376/169 252/379/173 249/88/170
f 253/372/174 255/382/176 250/375/171
f 242/370/163 253/372/174 250/375/171
f 254/380/175 257/94/178 201/95/690
f 205/381/793 254/380/175 201/95/690
f 255/382/176 256/383/177 252/379/173
f 250/375/171 255/382/176 252/379/173
f 256/383/177 254/380/175 251/90/172
f 252/379/173 256/383/177 251/90/172
f 256/383/177 259/384/180 257/94/178
f 254/380/175 256/383/177 257/94/178
f 231/359/152 228/357/149 258/385/179
f 253/372/174 231/359/152 258/385/179
f 255/382/176 261/386/182 259/384/180
f 256/383/177 255/382/176 259/384/180
f 257/94/178 260/96/181 202/97/691
f 203/93/689 257/94/794 202/97/691
f 259/384/180 265/387/186 260/96/181
f 257/94/178 259/384/180 260/96/181
f 253/372/174 258/385/179 261/386/182
f 255/382/176 253/372/174 261/386/182
f 228/357/149 227/358/148 262/388/183
f 258/385/179 228/357/149 262/388/183
f 263/98/184 247/390/168 207/389/791
f 202/97/795 263/98/184 207/389/791
f 263/98/184 267/392/188 264/391/185
f 247/390/168 263/98/184 264/391/185
f 261/386/182 266/393/187 265/387/186
f 259/384/180 261/386/182 265/387/186
f 265/387/186 267/392/188 263/98/184
f 260/96/181 265/387/186 263/98/184
f 258/385/179 262/388/183 266/393/187
f 261/386/182 258/385/179 266/393/187
f 266/393/187 269/394/190 267/392/188
f 265/387/186 266/393/187 267/392/188
f 267/392/188 269/394/190 268/395/189
f 264/391/185 267/392/188 268/395/189
f 262/388/183 270/396/191 269/394/190
f 266/393/187 262/388/183 269/394/190
f 269/394/190 270/396/191 271/397/192
f 268/395/189 269/394/190 271/397/192
f 227/358/148 272/398/193 270/396/191
f 262/388/183 227/358/148 270/396/191
f 272/398/193 273/399/194 271/397/192
f 270/396/191 272/398/193 271/397/192
f 212/348/133 274/347/195 272/398/193
f 227/358/148 212/348/133 272/398/193
f 274/347/195 275/400/196 273/399/194
f 272/398/193 274/347/195 273/399/194
f 210/99/131 276/100/197 275/400/196
f 274/347/195 210/99/131 275/400/196
f 278/103/199 282/105/203 284/107/205
f 280/109/201 278/103/199 284/107/205
f 327/403/248 328/402/249 290/401/211
f 288/404/209 327/403/248 290/401/211
f 327/403/248 329/406/250 330/405/251
f 328/402/249 327/403/248 330/405/251
f 328/402/249 332/408/253 292/407/213
f 290/401/211 328/402/249 292/407/213
f 329/406/250 331/410/252 333/409/254
f 330/405/251 329/406/250 333/409/254
f 328/402/249 330/405/251 336/411/257
f 332/408/253 328/402/249 336/411/257
f 332/408/253 335/413/256 294/412/215
f 292/407/213 332/408/253 294/412/215
f 334/415/255 337/414/258 333/409/254
f 331/410/252 334/415/255 333/409/254
f 335/413/256 338/417/259 296/416/217
f 294/412/215 335/413/256 296/416/217
f 330/405/251 333/409/254 339/418/260
f 336/411/257 330/405/251 339/418/260
f 332/408/253 336/411/257 340/419/261
f 335/413/256 332/408/253 340/419/261
f 296/416/217 338/417/259 341/420/262
f 298/421/219 296/416/217 341/420/262
f 337/414/258 344/422/265 339/418/260
f 333/409/254 337/414/258 339/418/260
f 340/419/261 342/423/263 338/417/259
f 335/413/256 340/419/261 338/417/259
f 336/411/257 339/418/260 343/424/264
f 340/419/261 336/411/257 343/424/264
f 341/420/262 345/426/266 300/425/221
f 298/421/219 341/420/262 300/425/221
f 342/423/263 346/427/267 341/420/262
f 338/417/259 342/423/263 341/420/262
f 340/419/261 343/424/264 347/428/268
f 342/423/263 340/419/261 347/428/268
f 344/422/265 348/429/269 343/424/264
f 339/418/260 344/422/265 343/424/264
f 300/425/221 345/426/266 349/430/270
f 302/431/223 300/425/221 349/430/270
f 341/420/262 346/427/267 350/432/271
f 345/426/266 341/420/262 350/432/271
f 342/423/263 347/428/268 351/433/272
f 346/427/267 342/423/263 351/433/272
f 348/429/269 352/434/273 347/428/268
f 343/424/264 348/429/269 347/428/268
f 349/430/270 353/436/274 304/435/225
f 302/431/223 349/430/270 304/435/225
f 345/426/266 350/432/271 354/437/275
f 349/430/270 345/426/266 354/437/275
f 346/427/267 351/433/272 355/438/276
f 350/432/271 346/427/267 355/438/276
f 352/434/273 356/439/277 351/433/272
f 347/428/268 352/434/273 351/433/272
f 353/436/274 357/441/278 306/440/227
f 304/435/225 353/436/274 306/440/227
f 349/430/270 354/437/275 358/442/279
f 353/436/274 349/430/270 358/442/279
f 350/432/271 355/438/276 359/443/280
f 354/437/275 350/432/271 359/443/280
f 356/439/277 360/444/281 355/438/276
f 351/433/272 356/439/277 355/438/276
f 306/440/227 357/441/278 361/445/282
f 308/446/229 306/440/227 361/445/282
f 358/442/279 362/447/283 357/441/278
f 353/436/274 358/442/279 357/441/278
f 354/437/275 359/443/280 363/448/284
f 358/442/279 354/437/275 363/448/284
f 360/444/281 364/449/285 359/443/280
f 355/438/276 360/444/281 359/443/280
f 361/445/282 365/451/286 310/450/231
f 308/446/229 361/445/282 310/450/231
f 362/447/283 366/452/287 361/445/282
f 357/441/278 362/447/283 361/445/282
f 363/448/284 367/453/288 362/447/283
f 358/442/279 363/448/284 362/447/283
f 364/449/285 368/454/289 363/448/284
f 359/443/280 364/449/285 363/448/284
f 310/450/231 365/451/286 369/455/290
f 312/456/233 310/450/231 369/455/290
f 361/445/282 366/452/287 370/457/291
f 365/451/286 361/445/282 370/457/291
f 367/453/288 371/458/292 366/452/287
f 362/447/283 367/453/288 366/452/287
f 363/448/284 368/454/289 372/459/293
f 367/453/288 363/448/284 372/459/293
f 312/456/233 369/455/290 373/460/294
f 314/461/235 312/456/233 373/460/294
f 365/451/286 370/457/291 374/462/295
f 369/455/290 365/451/286 374/462/295
f 371/458/292 375/463/296 370/457/291
f 366/452/287 371/458/292 370/457/291
f 367/453/288 372/459/293 376/464/297
f 371/458/292 367/453/288 376/464/297
f 314/461/235 373/460/294 377/465/298
f 316/466/237 314/461/235 377/465/298
f 374/462/295 378/467/299 373/460/294
f 369/455/290 374/462/295 373/460/294
f 375/463/296 379/468/300 374/462/295
f 370/457/291 375/463/296 374/462/295
f 371/458/292 376/464/297 380/469/301
f 375/463/296 371/458/292 380/469/301
f 316/466/237 377/465/298 381/470/302
f 318/471/239 316/466/237 381/470/302
f 378/467/299 382/472/303 377/465/298
f 373/460/294 378/467/299 377/465/298
f 379/468/300 383/473/304 378/467/299
f 374/462/295 379/468/300 378/467/299
f 375/463/296 380/469/301 384/474/305
f 379/468/300 375/463/296 384/474/305
f 381/470/302 385/476/306 320/475/241
f 318/471/239 381/470/302 320/475/241
f 382/472/303 386/477/307 381/470/302
f 377/465/298 382/472/303 381/470/302
f 383/473/304 387/478/308 382/472/303
f 378/467/299 383/473/304 382/472/303
f 379/468/300 384/474/305 388/479/309
f 383/473/304 379/468/300 388/479/309
f 385/476/306 389/481/310 322/480/243
f 320/475/241 385/476/306 322/480/243
f 381/470/302 386/477/307 390/482/311
f 385/476/306 381/470/302 390/482/311
f 387/478/308 391/483/312 386/477/307
f 382/472/303 387/478/308 386/477/307
f 383/473/304 388/479/309 392/484/313
f 387/478/308 383/473/304 392/484/313
f 389/481/310 393/486/314 324/485/245
f 322/480/243 389/481/310 324/485/245
f 385/476/306 390/482/311 394/487/315
f 389/481/310 385/476/306 394/487/315
f 391/483/312 395/488/316 390/482/311
f 386/477/307 391/483/312 390/482/311
f 387/478/308 392/484/313 396/489/317
f 391/483/312 387/478/308 396/489/317
f 324/485/245 393/486/314 397/490/318
f 326/491/247 324/485/245 397/490/318
f 394/487/315 398/492/319 393/486/314
f 389/481/310 394/487/315 393/486/314
f 395/488/316 400/493/321 394/487/315
f 390/482/311 395/488/316 394/487/315
f 391/483/312 396/489/317 401/494/322
f 395/488/316 391/483/312 401/494/322
f 326/491/247 397/490/318 327/495/248
f 288/496/209 326/491/247 327/495/248
f 398/492/319 399/497/320 397/490/318
f 393/486/314 398/492/319 397/490/318
f 399/497/320 329/498/250 327/495/248
f 397/490/318 399/497/320 327/495/248
f 400/493/321 403/499/324 398/492/319
f 394/487/315 400/493/321 398/492/319
f 401/494/322 404/500/325 400/493/321
f 395/488/316 401/494/322 400/493/321
f 399/497/320 402/502/323 331/501/252
f 329/498/250 399/497/320 331/501/252
f 398/492/319 403/499/324 402/502/323
f 399/497/320 398/492/319 402/502/323
f 404/500/325 406/503/327 403/499/324
f 400/493/321 404/500/325 403/499/324
f 405/505/326 334/504/255 331/501/252
f 402/502/323 405/505/326 331/501/252
f 403/499/324 406/503/327 405/505/326
f 402/502/323 403/499/324 405/505/326
f 408/508/329 410/507/331 407/506/796
f 409/509/797 408/508/329 407/506/796
f 410/507/331 412/511/333 411/510/798
f 407/506/796 410/507/331 411/510/798
f 412/511/333 414/513/335 413/512/799
f 411/510/798 412/511/333 413/512/799
f 413/512/799 414/513/335 416/514/337
f 415/515/800 413/512/799 416/514/337
f 416/514/337 418/517/339 417/516/801
f 415/515/800 416/514/337 417/516/801
f 418/517/339 420/519/341 419/518/802
f 417/516/801 418/517/339 419/518/802
f 420/519/341 422/521/343 421/520/803
f 419/518/802 420/519/341 421/520/803
f 422/521/343 424/523/345 423/522/804
f 421/520/803 422/521/343 423/522/804
f 424/523/345 426/525/347 425/524/805
f 423/522/804 424/523/345 425/524/805
f 426/525/347 408/527/329 409/526/797
f 425/524/805 426/525/347 409/526/797
f 428/530/349 430/529/351 427/528/348
f 429/531/350 428/530/349 427/528/348
f 431/533/352 432/532/353 430/529/351
f 428/530/349 431/533/352 430/529/351
f 433/535/354 434/534/355 432/532/353
f 431/533/352 433/535/354 432/532/353
f 435/537/356 436/536/357 434/534/355
f 433/535/354 435/537/356 434/534/355
f 437/539/358 438/538/359 436/536/357
f 435/537/356 437/539/358 436/536/357
f 439/541/360 440/540/361 438/538/359
f 437/539/358 439/541/360 438/538/359
f 441/543/362 442/542/363 440/540/361
f 439/541/360 441/543/362 440/540/361
f 443/545/364 444/544/365 442/542/363
f 441/543/362 443/545/364 442/542/363
f 443/545/364 445/547/366 446/546/367
f 444/544/365 443/545/364 446/546/367
f 445/547/366 429/549/350 427/548/348
f 446/546/367 445/547/366 427/548/348
f 429/551/350 447/550/368 448/113/369
f 428/111/349 429/551/350 448/113/369
f 449/112/370 450/116/371 431/114/352
f 428/111/349 449/112/370 431/114/352
f 431/114/352 451/115/372 452/119/373
f 433/117/354 431/114/352 452/119/373
f 453/118/374 454/122/375 435/120/356
f 433/117/354 453/118/374 435/120/356
f 435/120/356 455/121/376 456/125/377
f 437/123/358 435/120/356 456/125/377
f 457/124/378 458/128/379 439/126/360
f 437/123/358 457/124/378 439/126/360
f 459/127/380 460/131/381 441/129/362
f 439/126/360 459/127/380 441/129/362
f 461/130/382 462/134/383 443/132/364
f 441/129/362 461/130/382 443/132/364
f 463/133/384 464/137/385 445/135/366
f 443/132/364 463/133/384 445/135/366
f 445/135/366 465/136/386 466/140/387
f 429/138/350 445/135/366 466/140/387
f 467/141/388 285/142/206 282/145/203
f 469/146/390 467/141/388 282/145/203
f 282/145/203 283/148/204 471/149/392
f 470/144/391 282/145/203 471/149/392
f 472/147/393 283/148/204 278/151/199
f 473/152/394 472/147/393 278/151/199
f 278/151/199 279/154/200 475/155/396
f 474/150/395 278/151/199 475/155/396
f 279/154/200 277/157/198 477/158/398
f 476/153/397 279/154/200 477/158/398
f 478/156/399 277/157/198 281/160/202
f 479/161/400 478/156/399 281/160/202
f 281/160/202 280/163/201 481/164/402
f 480/159/401 281/160/202 481/164/402
f 280/163/201 286/166/207 483/167/404
f 482/162/403 280/163/201 483/167/404
f 484/165/405 286/166/207 284/169/205
f 485/170/406 484/165/405 284/169/205
f 486/168/407 284/169/205 285/552/206
f 468/553/389 486/168/407 285/552/206
f 315/171/236 413/172/334 415/178/336
f 313/179/234 315/171/236 415/178/336
f 317/173/238 319/174/240 411/175/332
f 413/172/334 317/173/238 411/175/332
f 415/178/336 417/184/338 309/185/230
f 311/177/232 415/178/336 309/185/230
f 411/175/332 321/176/242 323/180/244
f 407/181/328 411/175/332 323/180/244
f 307/183/228 417/184/338 419/190/340
f 305/191/226 307/183/228 419/190/340
f 407/181/328 325/182/246 289/186/210
f 409/187/330 407/181/328 289/186/210
f 303/189/224 419/190/340 421/196/342
f 301/197/222 303/189/224 421/196/342
f 409/187/330 287/188/208 291/192/212
f 425/193/346 409/187/330 291/192/212
f 421/196/342 423/199/344 297/200/218
f 299/195/220 421/196/342 297/200/218
f 293/194/214 295/198/216 423/199/344
f 425/193/346 293/194/214 423/199/344
f 414/556/41 412/555/41 432/554/41
f 434/557/41 414/556/41 432/554/41
f 414/556/41 434/557/41 436/558/41
f 416/559/41 414/556/41 436/558/41
f 432/554/41 412/555/41 410/560/41
f 430/561/41 432/554/41 410/560/41
f 436/558/41 438/563/41 418/562/41
f 416/559/41 436/558/41 418/562/41
f 410/560/41 408/565/41 427/564/41
f 430/561/41 410/560/41 427/564/41
f 418/562/41 438/563/41 440/566/41
f 420/567/41 418/562/41 440/566/41
f 408/565/41 426/569/41 446/568/41
f 427/564/41 408/565/41 446/568/41
f 440/566/41 442/571/41 422/570/41
f 420/567/41 440/566/41 422/570/41
f 446/568/41 426/569/41 424/572/41
f 444/573/41 446/568/41 424/572/41
f 422/570/41 442/571/41 444/573/41
f 424/572/41 422/570/41 444/573/41
f 483/576/404 453/575/41 452/574/41
f 482/577/403 483/576/404 452/574/41
f 483/576/404 484/579/405 454/578/41
f 453/575/41 483/576/404 454/578/41
f 452/574/41 451/581/41 481/580/402
f 482/577/403 452/574/41 481/580/402
f 484/579/405 485/583/406 455/582/41
f 454/578/41 484/579/405 455/582/41
f 481/580/402 451/581/41 450/584/41
f 480/585/401 481/580/402 450/584/41
f 455/582/41 485/583/406 486/586/407
f 456/587/41 455/582/41 486/586/407
f 480/585/401 450/584/41 449/588/41
f 479/589/400 480/585/401 449/588/41
f 486/586/407 468/591/389 457/590/41
f 456/587/41 486/586/407 457/590/41
f 449/588/41 448/593/41 478/592/399
f 479/589/400 449/588/41 478/592/399
f 457/590/41 468/591/389 467/594/388
f 458/595/41 457/590/41 467/594/388
f 478/592/399 448/593/41 447/596/41
f 477/597/398 478/592/399 447/596/41
f 467/594/388 469/599/390 459/598/41
f 458/595/41 467/594/388 459/598/41
f 447/596/41 466/601/41 476/600/397
f 477/597/398 447/596/41 476/600/397
f 459/598/41 469/599/390 470/602/391
f 460/603/41 459/598/41 470/602/391
f 476/600/397 466/601/41 465/604/41
f 475/605/396 476/600/397 465/604/41
f 460/603/41 470/602/391 471/606/392
f 461/607/41 460/603/41 471/606/392
f 465/604/41 464/609/41 474/608/395
f 475/605/396 465/604/41 474/608/395
f 471/606/392 472/611/393 462/610/41
f 461/607/41 471/606/392 462/610/41
f 464/609/41 463/613/41 473/612/394
f 474/608/395 464/609/41 473/612/394
f 462/610/41 472/611/393 473/612/394
f 463/613/41 462/610/41 473/612/394
f 280/109/201 281/614/202 277/102/198
f 278/103/199 280/109/201 277/102/198
f 507/203/39 489/616/39 488/615/39
f 487/617/39 507/203/39 488/615/39
f 507/203/39 491/619/39 490/618/39
f 489/616/39 507/203/39 490/618/39
f 507/203/39 493/201/39 492/620/39
f 491/619/39 507/203/39 492/620/39
f 507/203/39 498/622/39 497/621/39
f 496/623/39 507/203/39 497/621/39
f 507/203/39 502/204/39 501/624/39
f 500/625/39 507/203/39 501/624/39
f 507/203/39 506/627/39 504/626/39
f 503/205/39 507/203/39 504/626/39
f 507/203/39 487/617/39 505/628/39
f 506/627/39 507/203/39 505/628/39
f 507/203/39 496/623/39 495/629/39
f 494/202/39 507/203/39 495/629/39
f 507/203/39 500/625/39 499/630/39
f 498/622/39 507/203/39 499/630/39
f 517/633/409 509/632/807 508/631/806
f 516/634/408 517/633/409 508/631/806
f 518/636/410 510/635/808 509/632/807
f 517/633/409 518/636/410 509/632/807
f 519/638/411 511/637/809 510/635/808
f 518/636/410 519/638/411 510/635/808
f 520/640/412 512/639/810 511/637/809
f 519/638/411 520/640/412 511/637/809
f 521/642/413 513/641/811 512/639/810
f 520/640/412 521/642/413 512/639/810
f 522/644/414 514/643/812 513/641/811
f 521/642/413 522/644/414 513/641/811
f 522/644/414 523/646/415 515/645/813
f 514/643/812 522/644/414 515/645/813
f 516/648/408 508/647/806 515/645/813
f 523/646/415 516/648/408 515/645/813
f 525/649/416 527/217/418 528/215/419
f 526/650/417 525/649/416 528/215/419
f 526/650/417 528/215/419 536/223/427
f 530/651/421 526/650/417 536/223/427
f 531/218/422 536/223/427 528/215/419
f 529/216/420 531/218/422 528/215/419
f 530/651/421 536/223/427 537/222/428
f 535/652/426 530/651/421 537/222/428
f 533/220/424 539/225/430 537/222/428
f 531/218/422 533/220/424 537/222/428
f 535/652/426 537/222/428 539/225/430
f 538/653/429 535/652/426 539/225/430
f 539/225/430 541/224/432 540/654/431
f 538/653/429 539/225/430 540/654/431
f 534/221/425 543/227/434 541/224/432
f 533/220/424 534/221/425 541/224/432
f 540/654/431 541/224/432 543/227/434
f 542/655/433 540/654/431 543/227/434
f 542/655/433 543/227/434 545/226/436
f 544/656/435 542/655/433 545/226/436
f 545/226/436 549/230/440 546/657/437
f 544/656/435 545/226/436 546/657/437
f 547/228/438 549/230/440 545/226/436
f 534/221/425 547/228/438 545/226/436
f 549/230/440 550/229/441 548/658/439
f 546/657/437 549/230/440 548/658/439
f 548/658/439 550/229/441 554/233/445
f 551/659/442 548/658/439 554/233/445
f 552/231/443 554/233/445 550/229/441
f 547/228/438 552/231/443 550/229/441
f 554/233/445 555/232/446 553/660/444
f 551/659/442 554/233/445 553/660/444
f 555/232/446 559/236/450 556/661/447
f 553/660/444 555/232/446 556/661/447
f 557/234/448 559/236/450 555/232/446
f 552/231/443 557/234/448 555/232/446
f 556/661/447 559/236/450 560/235/451
f 558/662/449 556/661/447 560/235/451
f 560/235/451 564/239/455 561/663/452
f 558/662/449 560/235/451 561/663/452
f 562/237/453 564/239/455 560/235/451
f 557/234/448 562/237/453 560/235/451
f 564/239/455 565/238/456 563/664/454
f 561/663/452 564/239/455 563/664/454
f 563/664/454 565/238/456 569/242/460
f 566/665/457 563/664/454 569/242/460
f 567/240/458 569/242/460 565/238/456
f 562/237/453 567/240/458 565/238/456
f 569/242/460 572/241/463 568/666/459
f 566/665/457 569/242/460 568/666/459
f 572/241/463 574/246/465 571/667/462
f 568/666/459 572/241/463 571/667/462
f 573/243/464 574/246/465 572/241/463
f 567/240/458 573/243/464 572/241/463
f 571/667/462 574/246/465 575/245/466
f 570/668/461 571/667/462 575/245/466
f 570/668/461 575/245/466 527/669/418
f 525/670/416 570/668/461 527/669/418
f 529/244/420 527/669/418 575/245/466
f 573/243/464 529/244/420 575/245/466
f 577/313/468 579/68/470 576/67/467
f 578/314/469 577/313/468 576/67/467
f 576/67/467 580/66/471 582/315/473
f 581/316/472 576/67/467 582/315/473
f 581/316/472 582/315/473 584/70/475
f 583/69/474 581/316/472 584/70/475
f 577/319/773 578/320/92 586/317/92
f 587/318/93 577/319/773 586/317/92
f 587/323/93 588/324/94 579/321/775
f 577/322/773 587/323/93 579/321/775
f 589/325/477 580/326/477 579/321/775
f 588/324/94 589/325/477 579/321/775
f 589/325/477 590/328/478 582/327/814
f 580/326/477 589/325/477 582/327/814
f 591/329/479 584/330/479 582/327/814
f 590/328/478 591/329/479 582/327/814
f 585/333/815 584/334/479 591/331/479
f 592/332/480 585/333/815 591/331/479
f 592/337/480 593/338/481 583/335/816
f 585/336/815 592/337/480 583/335/816
f 594/339/482 581/340/817 583/335/816
f 593/338/481 594/339/482 583/335/816
f 594/339/482 595/342/483 576/341/818
f 581/340/817 594/339/482 576/341/818
f 586/343/92 578/344/92 576/341/818
f 595/342/483 586/343/92 576/341/818
f 597/313/485 599/68/487 596/67/484
f 598/314/486 597/313/485 596/67/484
f 596/67/484 600/66/488 602/315/490
f 601/316/489 596/67/484 602/315/490
f 601/316/489 602/315/490 604/70/492
f 603/69/491 601/316/489 604/70/492
f 597/319/820 598/320/819 606/317/494
f 607/318/495 597/319/820 606/317/494
f 607/323/495 608/324/496 599/321/821
f 597/322/820 607/323/495 599/321/821
f 609/325/497 600/326/822 599/321/821
f 608/324/496 609/325/497 599/321/821
f 609/325/497 610/328/498 602/327/823
f 600/326/822 609/325/497 602/327/823
f 611/329/499 604/330/824 602/327/823
f 610/328/498 611/329/499 602/327/823
f 605/333/825 604/334/824 611/331/499
f 612/332/500 605/333/825 611/331/499
f 612/337/500 613/338/501 603/335/826
f 605/336/825 612/337/500 603/335/826
f 614/339/502 601/340/827 603/335/826
f 613/338/501 614/339/502 603/335/826
f 614/339/502 615/342/503 596/341/828
f 601/340/827 614/339/502 596/341/828
f 606/343/494 598/344/819 596/341/828
f 615/342/503 606/343/494 596/341/828
f 622/258/510 618/248/506 617/249/505
f 621/257/509 622/258/510 617/249/505
f 623/260/511 619/251/507 618/248/693
f 622/258/700 623/260/511 618/248/693
f 624/262/512 620/253/508 619/251/695
f 623/260/702 624/262/512 619/251/695
f 621/264/705 617/255/697 620/253/698
f 624/262/704 621/264/705 620/253/698
f 632/258/520 631/257/519 627/249/515
f 628/248/516 632/258/520 627/249/515
f 633/260/521 632/258/714 628/248/707
f 629/251/517 633/260/521 628/248/707
f 634/262/522 633/260/716 629/251/709
f 630/253/518 634/262/522 629/251/709
f 631/264/718 634/262/719 630/253/711
f 627/255/712 631/264/718 630/253/711
f 642/258/530 641/257/529 637/249/525
f 638/248/526 642/258/530 637/249/525
f 643/260/531 642/258/728 638/248/721
f 639/251/527 643/260/531 638/248/721
f 644/262/532 643/260/730 639/251/723
f 640/253/528 644/262/532 639/251/723
f 641/264/732 644/262/733 640/253/725
f 637/255/726 641/264/732 640/253/725
f 652/258/540 648/248/536 647/249/535
f 651/257/539 652/258/540 647/249/535
f 653/260/541 649/251/537 648/248/735
f 652/258/742 653/260/541 648/248/735
f 654/262/542 650/253/538 649/251/737
f 653/260/744 654/262/542 649/251/737
f 651/264/747 647/255/739 650/253/740
f 654/262/746 651/264/747 650/253/740
f 288/673/209 290/672/211 656/671/544
f 657/674/545 288/673/209 656/671/544
f 656/671/544 290/672/211 292/675/213
f 658/676/546 656/671/544 292/675/213
f 292/675/213 294/678/215 659/677/547
f 658/676/546 292/675/213 659/677/547
f 659/677/547 294/678/215 296/679/217
f 660/680/548 659/677/547 296/679/217
f 296/679/217 298/682/219 661/681/549
f 660/680/548 296/679/217 661/681/549
f 298/682/219 300/684/221 662/683/550
f 661/681/549 298/682/219 662/683/550
f 662/686/550 300/684/221 302/685/223
f 663/687/551 662/686/550 302/685/223
f 302/685/223 304/689/225 664/688/552
f 663/687/551 302/685/223 664/688/552
f 304/689/225 306/691/227 665/690/553
f 664/688/552 304/689/225 665/690/553
f 665/690/553 306/691/227 308/692/229
f 666/693/554 665/690/553 308/692/229
f 666/693/554 308/692/229 310/694/231
f 667/695/555 666/693/554 310/694/231
f 310/694/231 312/697/233 668/696/556
f 667/695/555 310/694/231 668/696/556
f 312/697/233 314/699/235 669/698/557
f 668/696/556 312/697/233 669/698/557
f 314/699/235 316/701/237 670/700/558
f 669/698/557 314/699/235 670/700/558
f 316/701/237 318/703/239 671/702/559
f 670/700/558 316/701/237 671/702/559
f 318/703/239 320/705/241 672/704/560
f 671/702/559 318/703/239 672/704/560
f 320/705/241 322/707/243 673/706/561
f 672/704/560 320/705/241 673/706/561
f 673/706/561 322/707/243 324/708/245
f 674/709/562 673/706/561 324/708/245
f 324/708/245 326/711/247 675/710/563
f 674/709/562 324/708/245 675/710/563
f 326/711/247 288/713/209 657/712/545
f 675/710/563 326/711/247 657/712/545
f 676/716/564 287/715/830 289/714/829
f 677/717/565 676/716/564 289/714/829
f 677/717/565 657/674/545 656/671/544
f 676/716/564 677/717/565 656/671/544
f 678/719/566 291/718/831 287/715/830
f 676/720/564 678/719/566 287/715/830
f 676/720/564 656/671/544 658/676/546
f 678/719/566 676/720/564 658/676/546
f 679/722/567 293/721/832 291/718/831
f 678/719/566 679/722/567 291/718/831
f 678/719/566 658/676/546 659/677/547
f 679/722/567 678/719/566 659/677/547
f 680/724/568 295/723/833 293/721/832
f 679/725/567 680/724/568 293/721/832
f 679/725/567 659/677/547 660/680/548
f 680/724/568 679/725/567 660/680/548
f 681/727/569 297/726/834 295/723/833
f 680/724/568 681/727/569 295/723/833
f 680/724/568 660/680/548 661/681/549
f 681/727/569 680/724/568 661/681/549
f 682/729/570 299/728/835 297/726/834
f 681/727/569 682/729/570 297/726/834
f 681/727/569 661/681/549 662/683/550
f 682/729/570 681/727/569 662/683/550
f 683/731/571 301/730/836 299/728/835
f 682/729/570 683/731/571 299/728/835
f 682/729/570 662/686/550 663/687/551
f 683/731/571 682/729/570 663/687/551
f 684/733/572 303/732/837 301/730/836
f 683/731/571 684/733/572 301/730/836
f 683/731/571 663/687/551 664/688/552
f 684/733/572 683/731/571 664/688/552
f 685/735/573 305/734/838 303/732/837
f 684/736/572 685/735/573 303/732/837
f 684/736/572 664/688/552 665/690/553
f 685/735/573 684/736/572 665/690/553
f 686/738/574 307/737/839 305/734/838
f 685/739/573 686/738/574 305/734/838
f 685/739/573 665/690/553 666/693/554
f 686/738/574 685/739/573 666/693/554
f 309/741/840 307/737/839 686/740/574
f 687/742/575 309/741/840 686/740/574
f 666/693/554 667/695/555 687/742/575
f 686/740/574 666/693/554 687/742/575
f 311/743/841 309/741/840 687/742/575
f 688/744/576 311/743/841 687/742/575
f 667/695/555 668/696/556 688/744/576
f 687/742/575 667/695/555 688/744/576
f 313/746/842 311/743/841 688/745/576
f 689/747/577 313/746/842 688/745/576
f 668/696/556 669/698/557 689/747/577
f 688/745/576 668/696/556 689/747/577
f 315/749/843 313/746/842 689/748/577
f 690/750/578 315/749/843 689/748/577
f 669/698/557 670/700/558 690/750/578
f 689/748/577 669/698/557 690/750/578
f 317/751/844 315/749/843 690/750/578
f 691/752/579 317/751/844 690/750/578
f 670/700/558 671/702/559 691/752/579
f 690/750/578 670/700/558 691/752/579
f 319/753/845 317/751/844 691/752/579
f 692/754/580 319/753/845 691/752/579
f 671/702/559 672/704/560 692/754/580
f 691/752/579 671/702/559 692/754/580
f 321/756/846 319/753/845 692/755/580
f 693/757/581 321/756/846 692/755/580
f 672/704/560 673/706/561 693/757/581
f 692/755/580 672/704/560 693/757/581
f 323/759/847 321/756/846 693/758/581
f 694/760/582 323/759/847 693/758/581
f 673/706/561 674/709/562 694/760/582
f 693/758/581 673/706/561 694/760/582
f 325/761/848 323/759/847 694/760/582
f 695/762/583 325/761/848 694/760/582
f 674/709/562 675/710/563 695/762/583
f 694/760/582 674/709/562 695/762/583
f 289/763/829 325/761/848 695/762/583
f 677/764/565 289/763/829 695/762/583
f 675/710/563 657/712/545 677/764/565
f 695/762/583 675/710/563 677/764/565
f 699/767/39 698/766/39 696/765/39
f 697/768/39 699/767/39 696/765/39
f 701/767/40 700/766/584 698/765/40
f 699/768/584 701/767/40 698/765/40
f 703/767/41 702/766/41 700/765/41
f 701/768/41 703/767/41 700/765/41
f 697/767/44 696/766/849 702/765/44
f 703/768/849 697/767/44 702/765/44
f 698/767/9 700/766/9 702/765/9
f 696/768/9 698/767/9 702/765/9
f 701/767/3 699/766/3 697/765/3
f 703/768/3 701/767/3 697/765/3
f 707/767/41 705/768/41 704/765/41
f 706/766/41 707/767/41 704/765/41
f 709/767/40 707/768/40 706/765/40
f 708/766/40 709/767/40 706/765/40
f 711/767/39 709/768/39 708/765/39
f 710/766/39 711/767/39 708/765/39
f 705/767/44 711/768/44 710/765/44
f 704/766/44 705/767/44 710/765/44
f 706/767/9 704/768/11 710/765/9
f 708/766/11 706/767/9 710/765/9
f 709/767/3 711/768/14 705/765/3
f 707/766/14 709/767/3 705/765/3
f 712/265/585 713/266/586 716/268/589
f 715/269/588 712/265/585 716/268/589
f 712/272/748 719/274/592 716/275/750
f 718/271/591 712/272/748 716/275/750
f 713/771/850 714/770/851 718/769/850
f 716/772/852 713/771/850 718/769/850
f 721/278/594 723/280/596 724/281/597
f 720/277/593 721/278/594 724/281/597
f 721/283/752 726/284/599 724/286/754
f 727/287/600 721/283/752 724/286/754
f 726/775/853 722/774/854 720/773/853
f 724/776/855 726/775/853 720/773/853
f 729/265/602 731/269/604 732/268/605
f 728/266/601 729/265/602 732/268/605
f 729/272/756 734/271/607 732/275/758
f 735/274/608 729/272/756 732/275/758
f 734/769/856 730/770/857 728/771/856
f 732/772/858 734/769/856 728/771/856
f 736/278/609 737/277/610 740/281/613
f 739/280/612 736/278/609 740/281/613
f 736/283/760 743/287/616 740/286/762
f 742/284/615 736/283/760 740/286/762
f 737/773/859 738/774/860 742/775/859
f 740/776/861 737/773/859 742/775/859
# 1236 elements

