# Created by Metasequoia

mtllib weapon_mount_yj91.mtl

v -0.157377 0.338638 -0.974878
v -0.220580 0.338638 -1.001194
v -0.240126 0.338638 -1.030407
v -0.246733 0.338638 -1.064304
v -0.240126 0.338638 -1.098802
v -0.220580 0.338638 -1.127436
v -0.157377 0.338638 -1.153751
v -0.085877 0.266162 -0.974878
v -0.085877 0.266162 -1.153751
v -0.112352 0.315429 -1.153751
v -0.112352 0.315429 -0.974878
v -0.157377 0.377139 -0.974878
v -0.220580 0.377139 -1.001194
v -0.240126 0.377139 -1.030407
v -0.246733 0.377139 -1.064304
v -0.240126 0.377139 -1.098802
v -0.220580 0.377139 -1.127436
v -0.157377 0.377139 -1.153751
v -0.085877 0.377139 -0.974878
v -0.085877 0.377139 -1.153751
v -0.112352 0.377139 -1.153751
v -0.112352 0.377139 -0.974878
v -0.157377 0.338638 0.327742
v -0.220580 0.338638 0.301428
v -0.240126 0.338638 0.272214
v -0.246733 0.338638 0.238318
v -0.240126 0.338638 0.203819
v -0.220580 0.338638 0.175186
v -0.157377 0.338638 0.148869
v -0.085877 0.266162 0.327742
v -0.085877 0.266162 0.148869
v -0.112352 0.315429 0.148869
v -0.112352 0.315429 0.327742
v -0.157377 0.377139 0.327742
v -0.220580 0.377139 0.301428
v -0.240126 0.377139 0.272214
v -0.246733 0.377139 0.238318
v -0.240126 0.377139 0.203819
v -0.220580 0.377139 0.175186
v -0.157377 0.377139 0.148869
v -0.085877 0.377139 0.327742
v -0.085877 0.377139 0.148869
v -0.112352 0.377139 0.148869
v -0.112352 0.377139 0.327742
v 0.157377 0.338638 -0.974878
v 0.220580 0.338638 -1.001194
v 0.240126 0.338638 -1.030407
v 0.246733 0.338638 -1.064304
v 0.240126 0.338638 -1.098802
v 0.220580 0.338638 -1.127436
v 0.157377 0.338638 -1.153751
v 0.085877 0.266162 -0.974878
v 0.085877 0.266162 -1.153751
v 0.112352 0.315429 -1.153751
v 0.112352 0.315429 -0.974878
v 0.157377 0.377139 -0.974878
v 0.220580 0.377139 -1.001194
v 0.240126 0.377139 -1.030407
v 0.246733 0.377139 -1.064304
v 0.240126 0.377139 -1.098802
v 0.220580 0.377139 -1.127436
v 0.157377 0.377139 -1.153751
v 0.085877 0.377139 -0.974878
v 0.085877 0.377139 -1.153751
v 0.112352 0.377139 -1.153751
v 0.112352 0.377139 -0.974878
v 0.157377 0.338638 0.327742
v 0.220580 0.338638 0.301428
v 0.240126 0.338638 0.272214
v 0.246733 0.338638 0.238318
v 0.240126 0.338638 0.203819
v 0.220580 0.338638 0.175186
v 0.157377 0.338638 0.148869
v 0.085877 0.266162 0.327742
v 0.085877 0.266162 0.148869
v 0.112352 0.315429 0.148869
v 0.112352 0.315429 0.327742
v 0.157377 0.377139 0.327742
v 0.220580 0.377139 0.301428
v 0.240126 0.377139 0.272214
v 0.246733 0.377139 0.238318
v 0.240126 0.377139 0.203819
v 0.220580 0.377139 0.175186
v 0.157377 0.377139 0.148869
v 0.085877 0.377139 0.327742
v 0.085877 0.377139 0.148869
v 0.112352 0.377139 0.148869
v 0.112352 0.377139 0.327742
v -0.100805 0.055267 -1.152744
v -0.100805 -0.042066 -1.152744
v 0.100802 0.055267 -1.152744
v 0.100802 -0.042066 -1.152744
v 0.100802 0.055267 -1.373289
v 0.100802 -0.042066 -1.373289
v -0.100805 0.055267 -1.373289
v -0.100805 -0.042066 -1.373289
v -0.100805 0.055267 0.630251
v -0.100805 -0.042066 0.630251
v 0.100802 0.055267 0.630251
v 0.100802 -0.042066 0.630251
v 0.100802 0.055267 0.850796
v 0.100802 -0.042066 0.850796
v -0.100805 0.055267 0.850796
v -0.100805 -0.042066 0.850796
v -0.000003 0.036583 1.647064
v -0.000003 0.036583 -2.281763
v -0.093856 0.036583 -2.232500
v -0.093856 0.036583 1.589190
v -0.000003 -0.207891 1.785566
v -0.000003 -0.207891 -2.389663
v -0.093856 -0.207891 -2.340402
v -0.093856 -0.207891 1.732529
v -0.093856 -0.084691 -2.311777
v -0.000003 -0.084691 -2.361040
v 0.093853 0.036583 -2.232500
v 0.093853 0.036583 1.589190
v 0.093853 -0.207891 -2.340402
v 0.093853 -0.207891 1.732529
v 0.093853 -0.084691 -2.311777
v -0.093856 -0.084691 1.682721
v 0.093853 -0.084691 1.682721
v -0.000003 -0.084691 1.738061
v -0.000504 0.365532 1.183535
v -0.000504 0.365532 -1.752868
v 0.088354 0.365532 -1.677902
v 0.088354 0.365532 1.095464
v -0.000504 0.048633 1.394304
v -0.000504 0.048633 -1.917069
v 0.088354 0.048633 -1.842103
v 0.088354 0.048633 1.313593
v 0.088354 0.208331 -1.798544
v -0.000504 0.208331 -1.873507
v -0.089361 0.365532 -1.677902
v -0.089361 0.365532 1.095464
v -0.089361 0.048633 -1.842103
v -0.089361 0.048633 1.313593
v -0.089361 0.208331 -1.798544
v 0.088354 0.208331 1.237796
v -0.089361 0.208331 1.237796
v -0.000504 0.208331 1.322014
v -0.015456 -0.237268 -1.291544
v -0.049534 -0.216489 -1.291544
v -0.031376 -0.203127 -1.291544
v -0.049534 -0.245580 -1.291544
v -0.065262 -0.203127 -1.291544
v -0.065262 -0.216489 -1.291544
v -0.049534 -0.245580 -1.323833
v -0.049534 -0.216489 -1.323833
v -0.015456 -0.237268 -1.323833
v -0.031376 -0.203127 -1.323833
v -0.065262 -0.203127 -1.323833
v -0.065262 -0.216489 -1.323833
v -0.015456 -0.237268 0.871800
v -0.049534 -0.216489 0.871800
v -0.031376 -0.203127 0.871800
v -0.049534 -0.245580 0.871800
v -0.065262 -0.203127 0.871800
v -0.065262 -0.216489 0.871800
v -0.049534 -0.245580 0.839449
v -0.049534 -0.216489 0.839449
v -0.015456 -0.237268 0.839449
v -0.031376 -0.203127 0.839449
v -0.065262 -0.203127 0.839449
v -0.065262 -0.216489 0.839449
v -0.292253 -0.169650 -2.220028
v -0.415010 -0.046893 -1.701188
v -0.405675 -0.056227 -2.270921
v -0.297815 -0.164088 -1.238098
v -0.306766 -0.152899 -1.238034
v -0.319809 -0.152771 -1.231897
v -0.428501 -0.046317 -1.701188
v -0.417823 -0.056931 -2.279233
v -0.298710 -0.176108 -2.228340
v -0.304273 -0.170545 -1.231960
v -0.319681 -0.165814 -1.238034
v -0.310666 -0.177003 -1.238098
v -0.427925 -0.059808 -1.701188
v -0.305104 -0.182565 -2.220028
v -0.418527 -0.069142 -2.270921
v -0.292253 -0.779922 -2.220028
v -0.405675 -0.893344 -2.270921
v -0.415010 -0.902679 -1.701188
v -0.298710 -0.773464 -2.228340
v -0.417823 -0.892641 -2.279233
v -0.428501 -0.903254 -1.701188
v -0.319809 -0.796801 -1.231897
v -0.306766 -0.796673 -1.238034
v -0.297815 -0.785484 -1.238098
v -0.304273 -0.779026 -1.231960
v -0.319681 -0.783757 -1.238034
v -0.427925 -0.889828 -1.701188
v -0.310666 -0.772569 -1.238098
v -0.418527 -0.880429 -2.270921
v -0.305104 -0.767006 -2.220028
v -0.258942 -0.567781 -1.169495
v -0.274926 -0.582614 -1.143984
v -0.267445 -0.590095 -1.162462
v -0.267190 -0.559533 -1.147182
v -0.245579 -0.553267 -1.144048
v -0.238163 -0.560620 -1.162014
v -0.237843 -0.588816 -1.179405
v -0.223905 -0.574878 -1.171477
v -0.253315 -0.604289 -1.171477
v -0.245579 -0.553267 -0.847576
v -0.267190 -0.559533 -0.844443
v -0.239313 -0.559533 -0.830186
v -0.258430 -0.568356 -0.818357
v -0.223905 -0.574878 -0.820147
v -0.237843 -0.588816 -0.807104
v -0.253315 -0.604289 -0.820147
v -0.268532 -0.589008 -0.829738
v -0.274926 -0.582614 -0.847640
v -0.253315 -0.604289 -1.147629
v -0.253315 -0.604289 -0.843932
v -0.223905 -0.574878 -1.147629
v -0.223905 -0.574878 -0.843932
v -0.277355 -0.368492 -1.143792
v -0.261371 -0.383325 -1.169367
v -0.269875 -0.360947 -1.162270
v -0.269619 -0.391573 -1.146989
v -0.269619 -0.391573 -0.844316
v -0.277355 -0.368492 -0.847512
v -0.255745 -0.346818 -1.147501
v -0.255745 -0.346818 -0.843803
v -0.270962 -0.362034 -0.829546
v -0.255745 -0.346818 -0.820019
v -0.255745 -0.346818 -1.171285
v -0.260796 -0.382750 -0.818229
v -0.240272 -0.362290 -0.806913
v -0.226334 -0.376164 -0.820019
v -0.241679 -0.391573 -0.830057
v -0.248009 -0.397839 -0.847448
v -0.248009 -0.397839 -1.143857
v -0.226334 -0.376164 -0.843803
v -0.226334 -0.376164 -1.147501
v -0.240592 -0.390422 -1.161886
v -0.226334 -0.376164 -1.171285
v -0.240272 -0.362290 -1.179213
v 0.292253 -0.779922 -2.220028
v 0.415010 -0.902679 -1.701188
v 0.405675 -0.893344 -2.270921
v 0.297815 -0.785484 -1.238098
v 0.306766 -0.796673 -1.238034
v 0.319809 -0.796801 -1.231897
v 0.428501 -0.903254 -1.701188
v 0.417823 -0.892641 -2.279233
v 0.298710 -0.773464 -2.228340
v 0.304273 -0.779026 -1.231960
v 0.319681 -0.783757 -1.238034
v 0.310666 -0.772569 -1.238098
v 0.427925 -0.889828 -1.701188
v 0.305104 -0.767006 -2.220028
v 0.418527 -0.880429 -2.270921
v 0.292253 -0.169650 -2.220028
v 0.405675 -0.056227 -2.270921
v 0.415010 -0.046893 -1.701188
v 0.298710 -0.176108 -2.228340
v 0.417823 -0.056931 -2.279233
v 0.428501 -0.046317 -1.701188
v 0.319809 -0.152771 -1.231897
v 0.306766 -0.152899 -1.238034
v 0.297815 -0.164088 -1.238098
v 0.304273 -0.170545 -1.231960
v 0.319681 -0.165814 -1.238034
v 0.427925 -0.059808 -1.701188
v 0.310666 -0.177003 -1.238098
v 0.418527 -0.069142 -2.270921
v 0.305104 -0.182565 -2.220028
v 0.258942 -0.567781 -1.169495
v 0.274926 -0.582614 -1.143984
v 0.267190 -0.559533 -1.147182
v 0.267445 -0.590095 -1.162462
v 0.237843 -0.588816 -1.179405
v 0.253315 -0.604289 -1.171477
v 0.238163 -0.560620 -1.162014
v 0.223905 -0.574878 -1.171477
v 0.245579 -0.553267 -1.144048
v 0.245579 -0.553267 -0.847576
v 0.267190 -0.559533 -0.844443
v 0.274926 -0.582614 -0.847640
v 0.253315 -0.604289 -1.147629
v 0.253315 -0.604289 -0.843932
v 0.268532 -0.589008 -0.829738
v 0.253315 -0.604289 -0.820147
v 0.258430 -0.568356 -0.818357
v 0.237843 -0.588816 -0.807104
v 0.223905 -0.574878 -0.820147
v 0.239313 -0.559533 -0.830186
v 0.223905 -0.574878 -1.147629
v 0.223905 -0.574878 -0.843932
v 0.277355 -0.368492 -1.143792
v 0.261371 -0.383325 -1.169367
v 0.269619 -0.391573 -1.146989
v 0.269875 -0.360947 -1.162270
v 0.240272 -0.362290 -1.179213
v 0.255745 -0.346818 -1.171285
v 0.240592 -0.390422 -1.161886
v 0.226334 -0.376164 -1.171285
v 0.248009 -0.397839 -1.143857
v 0.248009 -0.397839 -0.847448
v 0.269619 -0.391573 -0.844316
v 0.241679 -0.391573 -0.830057
v 0.260796 -0.382750 -0.818229
v 0.226334 -0.376164 -0.820019
v 0.240272 -0.362290 -0.806913
v 0.255745 -0.346818 -0.820019
v 0.270962 -0.362034 -0.829546
v 0.277355 -0.368492 -0.847512
v 0.255745 -0.346818 -1.147501
v 0.255745 -0.346818 -0.843803
v 0.226334 -0.376164 -1.147501
v 0.226334 -0.376164 -0.843803
v 0.123525 -0.207884 -2.491436
v 0.141619 -0.203281 -2.522318
v 0.140979 -0.190365 -2.492142
v 0.135673 -0.209035 -2.522383
v 0.134778 -0.216451 -2.521870
v 0.122694 -0.227640 -2.490798
v 0.120200 -0.206414 -2.446426
v 0.119241 -0.229814 -2.445659
v 0.125763 -0.222206 -2.408639
v 0.126466 -0.205454 -2.409215
v 0.141043 -0.190877 -2.409791
v 0.141171 -0.185442 -2.447193
v 0.161503 -0.188831 -2.492268
v 0.165083 -0.183908 -2.447385
v 0.158626 -0.189342 -2.409918
v 0.149483 -0.197974 -2.392272
v 0.140915 -0.199444 -2.392208
v 0.142258 -0.205135 -2.388628
v 0.135737 -0.205135 -2.391760
v 0.134969 -0.212487 -2.391697
v 0.149291 -0.201874 -2.522446
v 0.142066 -0.209291 -2.525515
v 0.266934 -0.598342 -2.491436
v 0.271537 -0.616436 -2.522318
v 0.284388 -0.615797 -2.492142
v 0.265783 -0.610491 -2.522383
v 0.258366 -0.609595 -2.521870
v 0.247177 -0.597511 -2.490798
v 0.268404 -0.595018 -2.446426
v 0.244940 -0.593995 -2.445659
v 0.252612 -0.600580 -2.408639
v 0.269299 -0.601220 -2.409215
v 0.283877 -0.615861 -2.409791
v 0.289311 -0.615989 -2.447193
v 0.285987 -0.636257 -2.492268
v 0.290846 -0.639901 -2.447385
v 0.285475 -0.633444 -2.409918
v 0.276844 -0.624301 -2.392272
v 0.275373 -0.615733 -2.392208
v 0.269683 -0.617012 -2.388628
v 0.269619 -0.610491 -2.391760
v 0.262266 -0.609787 -2.391697
v 0.272880 -0.624109 -2.522446
v 0.265527 -0.616820 -2.525515
v 0.141619 -0.746355 -2.522318
v 0.123525 -0.741752 -2.491436
v 0.140979 -0.759206 -2.492142
v 0.135673 -0.740537 -2.522383
v 0.142066 -0.740345 -2.525515
v 0.149291 -0.747698 -2.522446
v 0.161503 -0.760741 -2.492268
v 0.141171 -0.764129 -2.447193
v 0.165083 -0.765664 -2.447385
v 0.158626 -0.760293 -2.409918
v 0.141043 -0.758695 -2.409791
v 0.120200 -0.743158 -2.446426
v 0.126466 -0.744117 -2.409215
v 0.125763 -0.727430 -2.408639
v 0.119241 -0.719757 -2.445659
v 0.122694 -0.721931 -2.490798
v 0.134778 -0.733184 -2.521870
v 0.134969 -0.737084 -2.391697
v 0.135737 -0.744437 -2.391760
v 0.142258 -0.744437 -2.388628
v 0.140915 -0.750127 -2.392208
v 0.149483 -0.751598 -2.392272
v 0.271537 -0.333199 -2.522318
v 0.266934 -0.351293 -2.491436
v 0.284388 -0.333775 -2.492142
v 0.265783 -0.339145 -2.522383
v 0.265527 -0.332752 -2.525515
v 0.272880 -0.325463 -2.522446
v 0.285987 -0.313315 -2.492268
v 0.289311 -0.333647 -2.447193
v 0.290846 -0.309734 -2.447385
v 0.285475 -0.316192 -2.409918
v 0.283877 -0.333775 -2.409791
v 0.268404 -0.354554 -2.446426
v 0.269299 -0.348352 -2.409215
v 0.252612 -0.348991 -2.408639
v 0.244940 -0.355577 -2.445659
v 0.247177 -0.352060 -2.490798
v 0.258366 -0.340040 -2.521870
v 0.262266 -0.339848 -2.391697
v 0.269619 -0.339081 -2.391760
v 0.269683 -0.332560 -2.388628
v 0.275373 -0.333902 -2.392208
v 0.276844 -0.325335 -2.392272
v -0.123525 -0.207884 -2.491436
v -0.141619 -0.203281 -2.522318
v -0.135673 -0.209035 -2.522383
v -0.140979 -0.190365 -2.492142
v -0.120200 -0.206414 -2.446426
v -0.141171 -0.185442 -2.447193
v -0.141043 -0.190877 -2.409791
v -0.126466 -0.205454 -2.409215
v -0.125763 -0.222206 -2.408639
v -0.119241 -0.229814 -2.445659
v -0.122694 -0.227640 -2.490798
v -0.134778 -0.216451 -2.521870
v -0.142066 -0.209291 -2.525515
v -0.149291 -0.201874 -2.522446
v -0.161503 -0.188831 -2.492268
v -0.165083 -0.183908 -2.447385
v -0.158626 -0.189342 -2.409918
v -0.149483 -0.197974 -2.392272
v -0.140915 -0.199444 -2.392208
v -0.135737 -0.205135 -2.391760
v -0.134969 -0.212487 -2.391697
v -0.142258 -0.205135 -2.388628
v -0.266934 -0.598342 -2.491436
v -0.271537 -0.616436 -2.522318
v -0.265783 -0.610491 -2.522383
v -0.284388 -0.615797 -2.492142
v -0.268404 -0.595018 -2.446426
v -0.289311 -0.615989 -2.447193
v -0.283877 -0.615861 -2.409791
v -0.269299 -0.601220 -2.409215
v -0.252612 -0.600580 -2.408639
v -0.244940 -0.593995 -2.445659
v -0.247177 -0.597511 -2.490798
v -0.258366 -0.609595 -2.521870
v -0.265527 -0.616820 -2.525515
v -0.272880 -0.624109 -2.522446
v -0.285987 -0.636257 -2.492268
v -0.290846 -0.639901 -2.447385
v -0.285475 -0.633444 -2.409918
v -0.276844 -0.624301 -2.392272
v -0.275373 -0.615733 -2.392208
v -0.269619 -0.610491 -2.391760
v -0.262266 -0.609787 -2.391697
v -0.269683 -0.617012 -2.388628
v -0.141619 -0.746355 -2.522318
v -0.123525 -0.741752 -2.491436
v -0.135673 -0.740537 -2.522383
v -0.140979 -0.759206 -2.492142
v -0.149291 -0.747698 -2.522446
v -0.161503 -0.760741 -2.492268
v -0.141171 -0.764129 -2.447193
v -0.165083 -0.765664 -2.447385
v -0.158626 -0.760293 -2.409918
v -0.141043 -0.758695 -2.409791
v -0.149483 -0.751598 -2.392272
v -0.140915 -0.750127 -2.392208
v -0.142258 -0.744437 -2.388628
v -0.135737 -0.744437 -2.391760
v -0.126466 -0.744117 -2.409215
v -0.120200 -0.743158 -2.446426
v -0.122694 -0.721931 -2.490798
v -0.119241 -0.719757 -2.445659
v -0.125763 -0.727430 -2.408639
v -0.134969 -0.737084 -2.391697
v -0.134778 -0.733184 -2.521870
v -0.142066 -0.740345 -2.525515
v -0.271537 -0.333199 -2.522318
v -0.266934 -0.351293 -2.491436
v -0.265783 -0.339145 -2.522383
v -0.284388 -0.333775 -2.492142
v -0.272880 -0.325463 -2.522446
v -0.285987 -0.313315 -2.492268
v -0.289311 -0.333647 -2.447193
v -0.290846 -0.309734 -2.447385
v -0.285475 -0.316192 -2.409918
v -0.283877 -0.333775 -2.409791
v -0.276844 -0.325335 -2.392272
v -0.275373 -0.333902 -2.392208
v -0.269683 -0.332560 -2.388628
v -0.269619 -0.339081 -2.391760
v -0.269299 -0.348352 -2.409215
v -0.268404 -0.354554 -2.446426
v -0.247177 -0.352060 -2.490798
v -0.244940 -0.355577 -2.445659
v -0.252612 -0.348991 -2.408639
v -0.262266 -0.339848 -2.391697
v -0.258366 -0.340040 -2.521870
v -0.265527 -0.332752 -2.525515
v 0.094817 -0.703773 -2.929848
v 0.141938 -0.616756 -2.929848
v 0.076851 -0.660297 -2.929848
v 0.175249 -0.650067 -2.929848
v 0.185479 -0.551605 -2.929848
v 0.228956 -0.569635 -2.929848
v 0.200760 -0.474818 -2.929848
v 0.247817 -0.474818 -2.929848
v 0.185479 -0.397967 -2.929848
v 0.228956 -0.379936 -2.929848
v 0.141938 -0.332815 -2.929848
v 0.175249 -0.299569 -2.929848
v 0.076851 -0.289339 -2.929848
v 0.094817 -0.245798 -2.929848
v 0.000000 -0.274058 -2.929848
v 0.000000 -0.226937 -2.929848
v -0.076851 -0.289339 -2.929848
v -0.094817 -0.245798 -2.929848
v -0.175249 -0.299569 -2.929848
v -0.141938 -0.332815 -2.929848
v -0.185479 -0.397967 -2.929848
v -0.228956 -0.379936 -2.929848
v -0.200760 -0.474818 -2.929848
v -0.247817 -0.474818 -2.929848
v -0.185479 -0.551605 -2.929848
v -0.228956 -0.569635 -2.929848
v -0.141938 -0.616756 -2.929848
v -0.175249 -0.650067 -2.929848
v -0.076851 -0.660297 -2.929848
v -0.094817 -0.703773 -2.929848
v 0.000000 -0.675577 -2.929848
v 0.000000 -0.722635 -2.929848
v 0.141938 -0.616756 -2.627238
v 0.076851 -0.660297 -2.627238
v 0.185479 -0.551605 -2.627238
v 0.200760 -0.474818 -2.627238
v 0.185479 -0.397967 -2.627238
v 0.141938 -0.332815 -2.627238
v 0.076851 -0.289339 -2.627238
v 0.000000 -0.274058 -2.627238
v -0.076851 -0.289339 -2.627238
v -0.141938 -0.332815 -2.627238
v -0.185479 -0.397967 -2.627238
v -0.200760 -0.474818 -2.627238
v -0.185479 -0.551605 -2.627238
v -0.141938 -0.616756 -2.627238
v -0.076851 -0.660297 -2.627238
v 0.000000 -0.675577 -2.627238
v 0.000000 -0.474818 -2.627238
v 0.175057 -0.649875 -0.473101
v 0.094690 -0.703326 1.983650
v 0.174930 -0.649747 1.983650
v 0.094753 -0.703582 -0.473101
v 0.000000 -0.722187 1.983650
v 0.000000 -0.722379 -0.473101
v 0.000000 -0.702047 2.580113
v 0.086953 -0.684721 2.580113
v 0.160672 -0.635489 2.580113
v 0.228572 -0.569443 1.983650
v 0.209903 -0.561771 2.580113
v 0.247369 -0.474818 1.983650
v 0.227229 -0.474818 2.580113
v 0.228572 -0.380128 1.983650
v 0.209903 -0.387865 2.580113
v 0.174930 -0.299888 1.983650
v 0.160672 -0.314146 2.580113
v 0.094690 -0.246246 1.983650
v 0.086953 -0.264851 2.580113
v 0.000000 -0.227385 1.983650
v 0.000000 -0.247588 2.580113
v -0.094690 -0.246246 1.983650
v -0.086953 -0.264851 2.580113
v -0.174930 -0.299888 1.983650
v -0.160672 -0.314146 2.580113
v -0.228572 -0.380128 1.983650
v -0.209839 -0.387865 2.580113
v -0.247369 -0.474818 1.983650
v -0.227229 -0.474818 2.580113
v -0.228572 -0.569443 1.983650
v -0.209903 -0.561771 2.580113
v -0.174930 -0.649747 1.983650
v -0.160672 -0.635489 2.580113
v -0.094690 -0.703326 1.983650
v -0.086953 -0.684721 2.580113
v -0.094753 -0.703582 -0.473101
v -0.175057 -0.649875 -0.473101
v -0.228764 -0.569571 -0.473101
v -0.247625 -0.474818 -0.473101
v -0.228764 -0.380064 -0.473101
v -0.175057 -0.299697 -0.473101
v -0.094753 -0.246054 -0.473101
v 0.000000 -0.227193 -0.473101
v 0.094753 -0.246054 -0.473101
v 0.175121 -0.299697 -0.473101
v 0.228764 -0.380064 -0.473101
v 0.247625 -0.474818 -0.473101
v 0.228764 -0.569571 -0.473101
v -0.069499 -0.307049 3.013346
v -0.149675 -0.325143 2.797687
v -0.081007 -0.279237 2.797687
v -0.128384 -0.346434 3.013346
v -0.054985 -0.342022 3.185653
v -0.101659 -0.373159 3.185653
v -0.048719 -0.401931 3.353293
v 0.017071 -0.388824 3.353293
v 0.000000 -0.331089 3.185653
v 0.000000 -0.293239 3.013346
v 0.000000 -0.263125 2.797687
v -0.195389 -0.393875 2.797687
v -0.167513 -0.405383 3.013346
v -0.132604 -0.419897 3.185653
v -0.085930 -0.457747 3.353293
v -0.022442 -0.441251 3.461730
v -0.039577 -0.466954 3.461730
v -0.072887 -0.523473 3.353293
v -0.033567 -0.497195 3.461730
v -0.017071 -0.560748 3.353293
v -0.007864 -0.514394 3.461730
v -0.054985 -0.607613 3.185653
v -0.101659 -0.576412 3.185653
v -0.069499 -0.642523 3.013346
v -0.128384 -0.603202 3.013346
v -0.081007 -0.670335 2.797687
v -0.149675 -0.624493 2.797687
v 0.000000 -0.686447 2.797687
v 0.000000 -0.656333 3.013346
v 0.000000 -0.618546 3.185653
v -0.195581 -0.555825 2.797687
v -0.211693 -0.474818 2.797687
v -0.181579 -0.474818 3.013346
v -0.143729 -0.474818 3.185653
v -0.132796 -0.529803 3.185653
v -0.167769 -0.544253 3.013346
v 0.069499 -0.307049 3.013346
v 0.081007 -0.279237 2.797687
v 0.054985 -0.342022 3.185653
v 0.072887 -0.426098 3.353293
v 0.101659 -0.373159 3.185653
v 0.128384 -0.346434 3.013346
v 0.149675 -0.325143 2.797687
v 0.195581 -0.393811 2.797687
v 0.211693 -0.474818 2.797687
v 0.195581 -0.555825 2.797687
v 0.149675 -0.624493 2.797687
v 0.081007 -0.670335 2.797687
v 0.069499 -0.642523 3.013346
v 0.054985 -0.607613 3.185653
v 0.048719 -0.547705 3.353293
v 0.022442 -0.508384 3.461730
v 0.085994 -0.491889 3.353293
v 0.039577 -0.482682 3.461730
v 0.033567 -0.452376 3.461730
v 0.007864 -0.435177 3.461730
v 0.132796 -0.419769 3.185653
v 0.143729 -0.474818 3.185653
v 0.167769 -0.405319 3.013346
v 0.181579 -0.474818 3.013346
v 0.167769 -0.544253 3.013346
v 0.128384 -0.603202 3.013346
v 0.101659 -0.576412 3.185653
v 0.132796 -0.529803 3.185653
v 0.000000 -0.474818 3.531420
v 0.477284 -0.964953 -2.472321
v 0.463474 -0.951207 -2.344513
v 0.513472 -0.987779 -2.364331
v 0.437452 -0.925185 -2.472321
v 0.448449 -0.923203 -2.480632
v 0.489496 -0.964250 -2.477435
v 0.527602 -0.988994 -2.359984
v 0.476005 -0.950759 -2.338694
v 0.294171 -0.768925 -2.277890
v 0.287713 -0.775382 -2.289463
v 0.285987 -0.773656 -2.477755
v 0.292444 -0.767198 -2.486066
v 0.490199 -0.952102 -2.469124
v 0.476389 -0.938292 -2.344513
v 0.450367 -0.912270 -2.472321
v 0.526387 -0.974864 -2.364331
v 0.300628 -0.762531 -2.289463
v 0.298902 -0.760804 -2.477755
v 0.476453 -0.955619 -2.245986
v 0.465648 -0.951271 -2.362734
v 0.465648 -0.951271 -2.245986
v 0.476453 -0.955619 -2.362734
v 0.480864 -0.944813 -2.245986
v 0.480864 -0.944813 -2.362734
v 0.469995 -0.940402 -2.245986
v 0.469995 -0.940402 -2.362734
v 0.473256 -0.948010 -2.222458
v 0.463474 0.001571 -2.344513
v 0.477284 0.015381 -2.472321
v 0.513472 0.038143 -2.364331
v 0.437452 -0.024451 -2.472321
v 0.287713 -0.174190 -2.289463
v 0.285987 -0.175916 -2.477755
v 0.292444 -0.182373 -2.486066
v 0.448449 -0.026369 -2.480632
v 0.489496 0.014678 -2.477435
v 0.527602 0.039421 -2.359984
v 0.476005 0.001187 -2.338694
v 0.294171 -0.180647 -2.277890
v 0.490199 0.002466 -2.469124
v 0.476389 -0.011280 -2.344513
v 0.526387 0.025291 -2.364331
v 0.450367 -0.037302 -2.472321
v 0.300628 -0.187105 -2.289463
v 0.298902 -0.188831 -2.477755
v 0.465648 0.001635 -2.362734
v 0.476453 0.006047 -2.245986
v 0.465648 0.001635 -2.245986
v 0.476453 0.006047 -2.362734
v 0.480864 -0.004759 -2.245986
v 0.480864 -0.004759 -2.362734
v 0.469995 -0.009170 -2.245986
v 0.469995 -0.009170 -2.362734
v 0.473256 -0.001562 -2.222458
v -0.477284 -0.964953 -2.472321
v -0.463474 -0.951207 -2.344513
v -0.437452 -0.925185 -2.472321
v -0.513472 -0.987779 -2.364331
v -0.489496 -0.964250 -2.477435
v -0.527602 -0.988994 -2.359984
v -0.476005 -0.950759 -2.338694
v -0.294171 -0.768925 -2.277890
v -0.287713 -0.775382 -2.289463
v -0.285987 -0.773656 -2.477755
v -0.292444 -0.767198 -2.486066
v -0.448449 -0.923203 -2.480632
v -0.490199 -0.952102 -2.469124
v -0.476389 -0.938292 -2.344513
v -0.526387 -0.974864 -2.364331
v -0.450367 -0.912270 -2.472321
v -0.300628 -0.762531 -2.289463
v -0.298902 -0.760804 -2.477755
v -0.476453 -0.955619 -2.245986
v -0.465648 -0.951271 -2.362734
v -0.476453 -0.955619 -2.362734
v -0.465648 -0.951271 -2.245986
v -0.480864 -0.944813 -2.245986
v -0.480864 -0.944813 -2.362734
v -0.469995 -0.940402 -2.362734
v -0.469995 -0.940402 -2.245986
v -0.473256 -0.948010 -2.222458
v -0.463474 0.001571 -2.344513
v -0.477284 0.015381 -2.472321
v -0.437452 -0.024451 -2.472321
v -0.513472 0.038143 -2.364331
v -0.476005 0.001187 -2.338694
v -0.527602 0.039421 -2.359984
v -0.489496 0.014678 -2.477435
v -0.448449 -0.026369 -2.480632
v -0.292444 -0.182373 -2.486066
v -0.285987 -0.175916 -2.477755
v -0.287713 -0.174190 -2.289463
v -0.294171 -0.180647 -2.277890
v -0.490199 0.002466 -2.469124
v -0.476389 -0.011280 -2.344513
v -0.450367 -0.037302 -2.472321
v -0.526387 0.025291 -2.364331
v -0.300628 -0.187105 -2.289463
v -0.298902 -0.188831 -2.477755
v -0.465648 0.001635 -2.362734
v -0.476453 0.006047 -2.245986
v -0.476453 0.006047 -2.362734
v -0.465648 0.001635 -2.245986
v -0.480864 -0.004759 -2.245986
v -0.480864 -0.004759 -2.362734
v -0.469995 -0.009170 -2.245986
v -0.469995 -0.009170 -2.362734
v -0.473256 -0.001562 -2.222458
v -0.163996 -0.750127 0.524240
v -0.163996 -0.703070 0.524240
v -0.163996 -0.703070 0.495980
v -0.187525 -0.662279 0.495980
v -0.187525 -0.662279 0.524240
v -0.168856 -0.745204 -0.147346
v -0.187525 -0.790855 0.524240
v -0.187525 -0.790855 -0.147346
v -0.187525 -0.790855 -0.823344
v -0.228252 -0.814383 -0.147346
v -0.228252 -0.814383 -0.823344
v -0.275309 -0.814383 -0.147346
v -0.275309 -0.814383 -0.823344
v -0.316101 -0.790855 -0.147346
v -0.316101 -0.790855 -0.823344
v -0.339629 -0.750127 -0.823344
v -0.339629 -0.750127 -0.147346
v -0.339629 -0.703070 -0.823344
v -0.339629 -0.703070 -0.147346
v -0.316101 -0.662279 -0.823344
v -0.316101 -0.662279 -0.147346
v -0.270450 -0.643673 -0.147346
v -0.316101 -0.662279 0.524240
v -0.275309 -0.638750 0.524240
v -0.228252 -0.638750 0.495980
v -0.228252 -0.638750 0.524240
v -0.339629 -0.703070 0.524240
v -0.339629 -0.750127 0.524240
v -0.316101 -0.790855 0.524240
v -0.275309 -0.814383 0.524240
v -0.228252 -0.814383 0.524240
v -0.296280 -0.766687 0.813615
v -0.288161 -0.768925 0.833372
v -0.285859 -0.772697 0.813615
v -0.293339 -0.765920 0.833372
v -0.293339 -0.759973 0.833372
v -0.296280 -0.754603 0.813615
v -0.309004 -0.761891 0.756073
v -0.309004 -0.745843 0.756073
v -0.324285 -0.756010 0.640157
v -0.324285 -0.724489 0.640157
v -0.308492 -0.697124 0.640157
v -0.281192 -0.681396 0.640157
v -0.249671 -0.681396 0.640157
v -0.222370 -0.697124 0.640157
v -0.257216 -0.731969 0.756073
v -0.271090 -0.723977 0.756073
v -0.275373 -0.754603 0.813615
v -0.285859 -0.748593 0.813615
v -0.282982 -0.759973 0.833372
v -0.288161 -0.757032 0.833372
v -0.300948 -0.731969 0.756073
v -0.287074 -0.723977 0.756073
v -0.282982 -0.765920 0.833372
v -0.275373 -0.766687 0.813615
v -0.249160 -0.761891 0.756073
v -0.249160 -0.745843 0.756073
v -0.206578 -0.724489 0.640157
v -0.206578 -0.756010 0.640157
v -0.222370 -0.783310 0.640157
v -0.249671 -0.799102 0.640157
v -0.281192 -0.799102 0.640157
v -0.308492 -0.783310 0.640157
v -0.300948 -0.775765 0.756073
v -0.287074 -0.783757 0.756073
v -0.271090 -0.783757 0.756073
v -0.257216 -0.775765 0.756073
v -0.128192 -0.667266 0.495980
v -0.160352 -0.635106 0.495980
v -0.192512 -0.603010 0.495980
v -0.211117 -0.584341 -0.147346
v -0.224608 -0.570850 -0.823344
v -0.109587 -0.685935 -0.147346
v -0.096032 -0.699426 -0.823344
v -0.286562 -0.760996 -2.664704
v -0.241359 -0.743606 -2.918275
v -0.258878 -0.733696 -2.927227
v -0.251653 -0.782159 -2.663171
v -0.296472 -0.771290 -2.523022
v -0.255745 -0.794818 -2.523022
v -0.208688 -0.794818 -2.523022
v -0.167897 -0.771290 -2.523022
v -0.096032 -0.699426 -2.523022
v -0.096224 -0.699234 -2.637916
v -0.170326 -0.764577 -2.651853
v -0.192960 -0.734783 -2.845708
v -0.214378 -0.782671 -2.658949
v -0.221603 -0.742647 -2.893789
v -0.268788 -0.716177 -2.918275
v -0.307853 -0.726023 -2.663043
v -0.267829 -0.696357 -2.893789
v -0.308364 -0.688748 -2.658695
v -0.259965 -0.667778 -2.845708
v -0.290270 -0.644696 -2.651534
v -0.224352 -0.571170 -2.637659
v -0.296472 -0.642714 -2.523022
v -0.224608 -0.570850 -2.523022
v -0.320001 -0.683442 -2.523022
v -0.320001 -0.730499 -2.523022
v -0.288161 -0.762978 0.840405
v -0.163996 -0.199444 0.524240
v -0.163996 -0.246502 0.495980
v -0.163996 -0.246502 0.524240
v -0.168856 -0.204368 -0.147346
v -0.187525 -0.158717 0.524240
v -0.187525 -0.158717 -0.147346
v -0.228252 -0.135189 0.524240
v -0.228252 -0.135189 -0.147346
v -0.275309 -0.135189 0.524240
v -0.275309 -0.135189 -0.147346
v -0.316101 -0.158717 0.524240
v -0.316101 -0.158717 -0.147346
v -0.339629 -0.199444 -0.147346
v -0.339629 -0.199444 0.524240
v -0.339629 -0.246502 -0.147346
v -0.339629 -0.246502 0.524240
v -0.316101 -0.287293 -0.147346
v -0.316101 -0.287293 0.524240
v -0.270450 -0.305898 -0.147346
v -0.275309 -0.310821 0.524240
v -0.228252 -0.310821 0.495980
v -0.228252 -0.310821 0.524240
v -0.187525 -0.287293 0.495980
v -0.187525 -0.287293 0.524240
v -0.316101 -0.287293 -0.823344
v -0.339629 -0.246502 -0.823344
v -0.339629 -0.199444 -0.823344
v -0.316101 -0.158717 -0.823344
v -0.275309 -0.135189 -0.823344
v -0.228252 -0.135189 -0.823344
v -0.187525 -0.158717 -0.823344
v -0.296280 -0.182885 0.813615
v -0.288161 -0.180647 0.833372
v -0.293339 -0.183652 0.833372
v -0.285859 -0.176875 0.813615
v -0.300948 -0.173806 0.756073
v -0.287074 -0.165814 0.756073
v -0.308492 -0.166261 0.640157
v -0.281192 -0.150533 0.640157
v -0.249671 -0.150533 0.640157
v -0.222370 -0.166261 0.640157
v -0.206578 -0.193562 0.640157
v -0.206578 -0.225147 0.640157
v -0.222370 -0.252448 0.640157
v -0.257216 -0.217602 0.756073
v -0.249160 -0.203728 0.756073
v -0.275373 -0.194969 0.813615
v -0.249160 -0.187680 0.756073
v -0.275373 -0.182885 0.813615
v -0.282982 -0.189598 0.833372
v -0.282982 -0.183652 0.833372
v -0.271090 -0.165814 0.756073
v -0.257216 -0.173806 0.756073
v -0.128192 -0.282306 0.495980
v -0.160352 -0.314466 0.495980
v -0.109587 -0.263700 -0.147346
v -0.096032 -0.250146 -0.823344
v -0.192512 -0.346626 0.495980
v -0.211117 -0.365231 -0.147346
v -0.224608 -0.378722 -0.823344
v -0.293339 -0.189598 0.833372
v -0.296280 -0.194969 0.813615
v -0.288161 -0.192603 0.833372
v -0.285859 -0.201043 0.813615
v -0.271090 -0.225594 0.756073
v -0.249671 -0.268240 0.640157
v -0.281192 -0.268240 0.640157
v -0.308492 -0.252448 0.640157
v -0.324285 -0.225147 0.640157
v -0.324285 -0.193562 0.640157
v -0.309004 -0.187680 0.756073
v -0.309004 -0.203728 0.756073
v -0.300948 -0.217602 0.756073
v -0.287074 -0.225594 0.756073
v -0.286562 -0.188639 -2.664704
v -0.241359 -0.206030 -2.918275
v -0.251653 -0.167412 -2.663171
v -0.258878 -0.215940 -2.927227
v -0.268788 -0.233459 -2.918275
v -0.307853 -0.223612 -2.663043
v -0.296472 -0.178345 -2.523022
v -0.320001 -0.219073 -2.523022
v -0.320001 -0.266130 -2.523022
v -0.296472 -0.306857 -2.523022
v -0.224608 -0.378722 -2.523022
v -0.224352 -0.378466 -2.637659
v -0.290270 -0.304939 -2.651534
v -0.259965 -0.281794 -2.845708
v -0.308364 -0.260887 -2.658695
v -0.267829 -0.253215 -2.893789
v -0.221603 -0.206989 -2.893789
v -0.214378 -0.166901 -2.658949
v -0.192960 -0.214789 -2.845708
v -0.170326 -0.184995 -2.651853
v -0.096224 -0.250338 -2.637916
v -0.167897 -0.178345 -2.523022
v -0.096032 -0.250146 -2.523022
v -0.208688 -0.154817 -2.523022
v -0.255745 -0.154817 -2.523022
v -0.288161 -0.186593 0.840405
v 0.163996 -0.750127 0.524240
v 0.163996 -0.703070 0.495980
v 0.163996 -0.703070 0.524240
v 0.168856 -0.745204 -0.147346
v 0.187525 -0.790855 0.524240
v 0.187525 -0.790855 -0.147346
v 0.228252 -0.814383 0.524240
v 0.228252 -0.814383 -0.147346
v 0.275309 -0.814383 0.524240
v 0.275309 -0.814383 -0.147346
v 0.316101 -0.790855 0.524240
v 0.316101 -0.790855 -0.147346
v 0.339629 -0.750127 -0.147346
v 0.339629 -0.750127 0.524240
v 0.339629 -0.703070 -0.147346
v 0.339629 -0.703070 0.524240
v 0.316101 -0.662279 -0.147346
v 0.316101 -0.662279 0.524240
v 0.270450 -0.643673 -0.147346
v 0.275309 -0.638750 0.524240
v 0.228252 -0.638750 0.495980
v 0.228252 -0.638750 0.524240
v 0.187525 -0.662279 0.495980
v 0.187525 -0.662279 0.524240
v 0.316101 -0.662279 -0.823344
v 0.339629 -0.703070 -0.823344
v 0.339629 -0.750127 -0.823344
v 0.316101 -0.790855 -0.823344
v 0.275309 -0.814383 -0.823344
v 0.228252 -0.814383 -0.823344
v 0.187525 -0.790855 -0.823344
v 0.296280 -0.766687 0.813615
v 0.288161 -0.768925 0.833372
v 0.293339 -0.765920 0.833372
v 0.285859 -0.772697 0.813615
v 0.300948 -0.775765 0.756073
v 0.287074 -0.783757 0.756073
v 0.308492 -0.783310 0.640157
v 0.281192 -0.799102 0.640157
v 0.249671 -0.799102 0.640157
v 0.222370 -0.783310 0.640157
v 0.206578 -0.756010 0.640157
v 0.206578 -0.724489 0.640157
v 0.222370 -0.697124 0.640157
v 0.257216 -0.731969 0.756073
v 0.249160 -0.745843 0.756073
v 0.275373 -0.754603 0.813615
v 0.249160 -0.761891 0.756073
v 0.275373 -0.766687 0.813615
v 0.282982 -0.759973 0.833372
v 0.282982 -0.765920 0.833372
v 0.271090 -0.783757 0.756073
v 0.257216 -0.775765 0.756073
v 0.128192 -0.667266 0.495980
v 0.160352 -0.635106 0.495980
v 0.109587 -0.685935 -0.147346
v 0.096032 -0.699426 -0.823344
v 0.192512 -0.603010 0.495980
v 0.211117 -0.584341 -0.147346
v 0.224608 -0.570850 -0.823344
v 0.293339 -0.759973 0.833372
v 0.296280 -0.754603 0.813615
v 0.288161 -0.757032 0.833372
v 0.285859 -0.748593 0.813615
v 0.271090 -0.723977 0.756073
v 0.249671 -0.681396 0.640157
v 0.281192 -0.681396 0.640157
v 0.308492 -0.697124 0.640157
v 0.324285 -0.724489 0.640157
v 0.324285 -0.756010 0.640157
v 0.309004 -0.761891 0.756073
v 0.309004 -0.745843 0.756073
v 0.300948 -0.731969 0.756073
v 0.287074 -0.723977 0.756073
v 0.286562 -0.760996 -2.664704
v 0.241359 -0.743606 -2.918275
v 0.251653 -0.782159 -2.663171
v 0.258878 -0.733696 -2.927227
v 0.268788 -0.716177 -2.918275
v 0.307853 -0.726023 -2.663043
v 0.296472 -0.771290 -2.523022
v 0.320001 -0.730499 -2.523022
v 0.320001 -0.683442 -2.523022
v 0.296472 -0.642714 -2.523022
v 0.224608 -0.570850 -2.523022
v 0.224352 -0.571170 -2.637659
v 0.290270 -0.644696 -2.651534
v 0.259965 -0.667778 -2.845708
v 0.308364 -0.688748 -2.658695
v 0.267829 -0.696357 -2.893789
v 0.221603 -0.742647 -2.893789
v 0.214378 -0.782671 -2.658949
v 0.192960 -0.734783 -2.845708
v 0.170326 -0.764577 -2.651853
v 0.096224 -0.699234 -2.637916
v 0.167897 -0.771290 -2.523022
v 0.096032 -0.699426 -2.523022
v 0.208688 -0.794818 -2.523022
v 0.255745 -0.794818 -2.523022
v 0.288161 -0.762978 0.840405
v 0.163996 -0.199444 0.524240
v 0.163996 -0.246502 0.524240
v 0.163996 -0.246502 0.495980
v 0.187525 -0.287293 0.495980
v 0.187525 -0.287293 0.524240
v 0.168856 -0.204368 -0.147346
v 0.187525 -0.158717 0.524240
v 0.187525 -0.158717 -0.147346
v 0.187525 -0.158717 -0.823344
v 0.228252 -0.135189 -0.147346
v 0.228252 -0.135189 -0.823344
v 0.275309 -0.135189 -0.147346
v 0.275309 -0.135189 -0.823344
v 0.316101 -0.158717 -0.147346
v 0.316101 -0.158717 -0.823344
v 0.339629 -0.199444 -0.823344
v 0.339629 -0.199444 -0.147346
v 0.339629 -0.246502 -0.823344
v 0.339629 -0.246502 -0.147346
v 0.316101 -0.287293 -0.823344
v 0.316101 -0.287293 -0.147346
v 0.270450 -0.305898 -0.147346
v 0.316101 -0.287293 0.524240
v 0.275309 -0.310821 0.524240
v 0.228252 -0.310821 0.495980
v 0.228252 -0.310821 0.524240
v 0.339629 -0.246502 0.524240
v 0.339629 -0.199444 0.524240
v 0.316101 -0.158717 0.524240
v 0.275309 -0.135189 0.524240
v 0.228252 -0.135189 0.524240
v 0.296280 -0.182885 0.813615
v 0.288161 -0.180647 0.833372
v 0.285859 -0.176875 0.813615
v 0.293339 -0.183652 0.833372
v 0.293339 -0.189598 0.833372
v 0.296280 -0.194969 0.813615
v 0.309004 -0.187680 0.756073
v 0.309004 -0.203728 0.756073
v 0.324285 -0.193562 0.640157
v 0.324285 -0.225147 0.640157
v 0.308492 -0.252448 0.640157
v 0.281192 -0.268240 0.640157
v 0.249671 -0.268240 0.640157
v 0.222370 -0.252448 0.640157
v 0.257216 -0.217602 0.756073
v 0.271090 -0.225594 0.756073
v 0.275373 -0.194969 0.813615
v 0.285859 -0.201043 0.813615
v 0.282982 -0.189598 0.833372
v 0.288161 -0.192603 0.833372
v 0.300948 -0.217602 0.756073
v 0.287074 -0.225594 0.756073
v 0.282982 -0.183652 0.833372
v 0.275373 -0.182885 0.813615
v 0.249160 -0.187680 0.756073
v 0.249160 -0.203728 0.756073
v 0.206578 -0.225147 0.640157
v 0.206578 -0.193562 0.640157
v 0.222370 -0.166261 0.640157
v 0.249671 -0.150533 0.640157
v 0.281192 -0.150533 0.640157
v 0.308492 -0.166261 0.640157
v 0.300948 -0.173806 0.756073
v 0.287074 -0.165814 0.756073
v 0.271090 -0.165814 0.756073
v 0.257216 -0.173806 0.756073
v 0.128192 -0.282306 0.495980
v 0.160352 -0.314466 0.495980
v 0.192512 -0.346626 0.495980
v 0.211117 -0.365231 -0.147346
v 0.224608 -0.378722 -0.823344
v 0.109587 -0.263700 -0.147346
v 0.096032 -0.250146 -0.823344
v 0.286562 -0.188639 -2.664704
v 0.241359 -0.206030 -2.918275
v 0.258878 -0.215940 -2.927227
v 0.251653 -0.167412 -2.663171
v 0.296472 -0.178345 -2.523022
v 0.255745 -0.154817 -2.523022
v 0.208688 -0.154817 -2.523022
v 0.167897 -0.178345 -2.523022
v 0.096032 -0.250146 -2.523022
v 0.096224 -0.250338 -2.637916
v 0.170326 -0.184995 -2.651853
v 0.192960 -0.214789 -2.845708
v 0.214378 -0.166901 -2.658949
v 0.221603 -0.206989 -2.893789
v 0.268788 -0.233459 -2.918275
v 0.307853 -0.223612 -2.663043
v 0.267829 -0.253215 -2.893789
v 0.308364 -0.260887 -2.658695
v 0.259965 -0.281794 -2.845708
v 0.290270 -0.304939 -2.651534
v 0.224352 -0.378466 -2.637659
v 0.296472 -0.306857 -2.523022
v 0.224608 -0.378722 -2.523022
v 0.320001 -0.266130 -2.523022
v 0.320001 -0.219073 -2.523022
v 0.288161 -0.186593 0.840405
v 0.015456 -0.237268 -1.291544
v 0.049534 -0.216489 -1.291544
v 0.031376 -0.203127 -1.291544
v 0.049534 -0.245580 -1.291544
v 0.065262 -0.203127 -1.291544
v 0.065262 -0.216489 -1.291544
v 0.049534 -0.245580 -1.323833
v 0.049534 -0.216489 -1.323833
v 0.015456 -0.237268 -1.323833
v 0.031376 -0.203127 -1.323833
v 0.065262 -0.203127 -1.323833
v 0.065262 -0.216489 -1.323833
v 0.015456 -0.237268 0.871800
v 0.049534 -0.216489 0.871800
v 0.031376 -0.203127 0.871800
v 0.049534 -0.245580 0.871800
v 0.065262 -0.203127 0.871800
v 0.065262 -0.216489 0.871800
v 0.049534 -0.245580 0.839449
v 0.049534 -0.216489 0.839449
v 0.015456 -0.237268 0.839449
v 0.031376 -0.203127 0.839449
v 0.065262 -0.203127 0.839449
v 0.065262 -0.216489 0.839449
# 1182 vertices

vt 0.97360 0.75920
vt 0.96410 0.75825
vt 0.95480 0.75920
vt 0.98140 0.76180
vt 0.94700 0.76180
vt 0.98880 0.77755
vt 0.93970 0.77755
vt 0.93970 0.78525
vt 0.98880 0.78525
vt 0.98880 0.77045
vt 0.93970 0.77045
vt 0.41383 0.61033
vt 0.49384 0.61033
vt 0.49384 0.57200
vt 0.41383 0.57200
vt 0.19285 0.51534
vt 0.19642 0.51534
vt 0.19206 0.50320
vt 0.18861 0.50320
vt 0.18851 0.50353
vt 0.84506 0.51534
vt 0.84838 0.50353
vt 0.82895 0.52673
vt 0.20740 0.52673
vt 0.85026 0.51534
vt 0.85343 0.50353
vt 0.83400 0.52673
vt 0.21096 0.52673
vt 0.19821 0.51760
vt 0.83814 0.51787
vt 0.82812 0.52672
vt 0.20576 0.52668
vt 0.58767 0.67615
vt 0.58767 0.68515
vt 0.92987 0.68615
vt 0.95048 0.67489
vt 0.08948 0.81747
vt 0.08129 0.80938
vt 0.08796 0.80938
vt 0.09636 0.81747
vt 0.08111 0.80960
vt 0.56711 0.80960
vt 0.55785 0.81747
vt 0.51314 0.82677
vt 0.11754 0.82677
vt 0.57407 0.81747
vt 0.58287 0.80960
vt 0.57056 0.80960
vt 0.56140 0.81747
vt 0.52890 0.82677
vt 0.51659 0.82677
vt 0.12443 0.82705
vt 0.11754 0.82705
vt 0.99000 0.15725
vt 0.98360 0.15405
vt 0.98830 0.15310
vt 0.98210 0.15725
vt 0.98080 0.15215
vt 0.98010 0.15365
vt 0.66640 0.46215
vt 0.65980 0.45850
vt 0.66640 0.45850
vt 0.65980 0.46215
vt 0.44930 0.41270
vt 0.45570 0.40950
vt 0.45730 0.41270
vt 0.45100 0.40850
vt 0.45850 0.40765
vt 0.45920 0.40910
vt 0.71360 0.14295
vt 0.72090 0.13865
vt 0.72090 0.14295
vt 0.71360 0.13865
vt 0.76770 0.35805
vt 0.77080 0.36170
vt 0.76770 0.36170
vt 0.77080 0.35805
vt 0.97960 0.20190
vt 0.98320 0.20550
vt 0.97960 0.20550
vt 0.98320 0.20190
vt 0.92160 0.49275
vt 0.92920 0.49640
vt 0.92160 0.49640
vt 0.92920 0.49275
vt 0.16200 0.43530
vt 0.16830 0.43215
vt 0.17030 0.43450
vt 0.16200 0.43135
vt 0.17210 0.43080
vt 0.16920 0.43040
vt 0.10220 0.43245
vt 0.10950 0.42915
vt 0.10950 0.43245
vt 0.10220 0.42915
vt 0.51090 0.45665
vt 0.51730 0.45985
vt 0.51090 0.46065
vt 0.51930 0.45745
vt 0.52110 0.46120
vt 0.51820 0.46155
vt 0.71360 0.11480
vt 0.72090 0.11055
vt 0.72090 0.11480
vt 0.71360 0.11055
vt 0.64040 0.45405
vt 0.63310 0.45555
vt 0.63310 0.45405
vt 0.64040 0.45555
vt 0.19700 0.37345
vt 0.20060 0.37715
vt 0.19700 0.37715
vt 0.20060 0.37345
vt 0.92680 0.24135
vt 0.93430 0.24500
vt 0.92680 0.24500
vt 0.93430 0.24135
vt 0.43020 0.42145
vt 0.31190 0.44045
vt 0.43850 0.44000
vt 0.20560 0.42150
vt 0.20560 0.42315
vt 0.20410 0.42455
vt 0.31190 0.44200
vt 0.44090 0.44130
vt 0.43310 0.42150
vt 0.20300 0.42145
vt 0.20300 0.42415
vt 0.24410 0.43965
vt 0.24430 0.43800
vt 0.13790 0.45695
vt 0.24670 0.43810
vt 0.24650 0.44080
vt 0.01950 0.43795
vt 0.01120 0.45650
vt 0.13790 0.45850
vt 0.00880 0.45780
vt 0.01670 0.43805
vt 0.24570 0.44105
vt 0.42650 0.41760
vt 0.43510 0.39910
vt 0.30850 0.39815
vt 0.42940 0.41750
vt 0.43750 0.39775
vt 0.30850 0.39660
vt 0.20040 0.41355
vt 0.20190 0.41505
vt 0.20180 0.41670
vt 0.19930 0.41675
vt 0.19930 0.41405
vt 0.24300 0.44635
vt 0.34910 0.46410
vt 0.24300 0.44470
vt 0.34910 0.46565
vt 0.24160 0.44780
vt 0.47570 0.46410
vt 0.47810 0.46540
vt 0.47060 0.44560
vt 0.46770 0.44550
vt 0.24060 0.44490
vt 0.24080 0.44755
vt 0.76330 0.48890
vt 0.76830 0.48640
vt 0.76310 0.48645
vt 0.76820 0.48890
vt 0.76830 0.49170
vt 0.76280 0.49150
vt 0.75670 0.48885
vt 0.75760 0.49150
vt 0.75780 0.48640
vt 0.83560 0.49170
vt 0.83580 0.48895
vt 0.84070 0.49170
vt 0.84140 0.48895
vt 0.84630 0.49195
vt 0.84800 0.48890
vt 0.84630 0.48615
vt 0.84060 0.48640
vt 0.83560 0.48640
vt 0.76750 0.48290
vt 0.83640 0.48290
vt 0.83950 0.48540
vt 0.84180 0.48290
vt 0.76430 0.48515
vt 0.76210 0.48290
vt 0.76400 0.49290
vt 0.76750 0.49520
vt 0.76210 0.49520
vt 0.83640 0.49520
vt 0.83960 0.49275
vt 0.84180 0.49520
vt 0.48190 0.36260
vt 0.47690 0.35980
vt 0.47640 0.36245
vt 0.48180 0.35980
vt 0.54940 0.35985
vt 0.54920 0.36260
vt 0.48110 0.36610
vt 0.55000 0.36610
vt 0.55320 0.36365
vt 0.55540 0.36610
vt 0.47770 0.36385
vt 0.47560 0.36610
vt 0.55420 0.36260
vt 0.55510 0.35985
vt 0.55990 0.36285
vt 0.56160 0.35980
vt 0.55990 0.35705
vt 0.55410 0.35730
vt 0.54920 0.35730
vt 0.48190 0.35730
vt 0.55000 0.35380
vt 0.48110 0.35380
vt 0.47790 0.35610
vt 0.47570 0.35380
vt 0.55310 0.35630
vt 0.55540 0.35380
vt 0.47660 0.35735
vt 0.47030 0.35975
vt 0.47140 0.35730
vt 0.47120 0.36245
vt 0.86470 0.38460
vt 0.82580 0.32555
vt 0.82760 0.38885
vt 0.86290 0.27230
vt 0.85960 0.27230
vt 0.85670 0.27155
vt 0.82260 0.32555
vt 0.82510 0.39015
vt 0.86450 0.38605
vt 0.86300 0.27100
vt 0.85770 0.27100
vt 0.81490 0.39925
vt 0.81820 0.39925
vt 0.77950 0.34620
vt 0.81800 0.40045
vt 0.81260 0.40035
vt 0.81670 0.28695
vt 0.77950 0.28290
vt 0.77650 0.34620
vt 0.77690 0.28170
vt 0.81640 0.28545
vt 0.81210 0.39995
vt 0.34520 0.37005
vt 0.35350 0.35150
vt 0.22690 0.35100
vt 0.34810 0.36995
vt 0.35600 0.35020
vt 0.22690 0.34950
vt 0.11910 0.36690
vt 0.12060 0.36835
vt 0.12060 0.37000
vt 0.11800 0.37005
vt 0.11800 0.36735
vt 0.27120 0.37420
vt 0.37760 0.39160
vt 0.27110 0.37260
vt 0.37740 0.39315
vt 0.26970 0.37565
vt 0.50420 0.39110
vt 0.50660 0.39245
vt 0.49870 0.37270
vt 0.49580 0.37255
vt 0.26870 0.37275
vt 0.26890 0.37545
vt 0.45140 0.35970
vt 0.44640 0.35720
vt 0.44650 0.35970
vt 0.45180 0.35725
vt 0.45810 0.35960
vt 0.45700 0.35720
vt 0.45200 0.36230
vt 0.45720 0.36225
vt 0.44650 0.36250
vt 0.37920 0.36250
vt 0.37890 0.35975
vt 0.37920 0.35720
vt 0.44730 0.35370
vt 0.37840 0.35370
vt 0.37520 0.35615
vt 0.37290 0.35370
vt 0.45060 0.35595
vt 0.45260 0.35370
vt 0.37430 0.35710
vt 0.37330 0.35975
vt 0.36840 0.35695
vt 0.36680 0.35970
vt 0.36840 0.36275
vt 0.37410 0.36250
vt 0.45070 0.36365
vt 0.44740 0.36595
vt 0.45280 0.36595
vt 0.37830 0.36595
vt 0.37510 0.36355
vt 0.37290 0.36595
vt 0.58420 0.28115
vt 0.57930 0.28395
vt 0.58420 0.28395
vt 0.57870 0.28130
vt 0.57260 0.28400
vt 0.57360 0.28135
vt 0.57900 0.28640
vt 0.57370 0.28645
vt 0.58440 0.28645
vt 0.65160 0.28645
vt 0.65190 0.28385
vt 0.65650 0.28650
vt 0.65750 0.28385
vt 0.66240 0.28670
vt 0.66410 0.28395
vt 0.66240 0.28090
vt 0.65660 0.28115
vt 0.65160 0.28115
vt 0.58340 0.27765
vt 0.65250 0.27765
vt 0.65560 0.28010
vt 0.65780 0.27765
vt 0.58010 0.27995
vt 0.57800 0.27765
vt 0.58020 0.28765
vt 0.58350 0.28990
vt 0.57810 0.28990
vt 0.65230 0.28990
vt 0.65550 0.28750
vt 0.65780 0.28990
vt 0.19300 0.45965
vt 0.18590 0.46150
vt 0.19300 0.46245
vt 0.18590 0.46055
vt 0.18540 0.45970
vt 0.19240 0.45735
vt 0.20300 0.45940
vt 0.20310 0.45675
vt 0.21200 0.45800
vt 0.21130 0.45995
vt 0.21130 0.46230
vt 0.20300 0.46275
vt 0.19250 0.46470
vt 0.20310 0.46535
vt 0.21200 0.46415
vt 0.21590 0.46240
vt 0.21550 0.46160
vt 0.21680 0.46105
vt 0.21530 0.46070
vt 0.21590 0.45980
vt 0.18540 0.46235
vt 0.18460 0.46100
vt 0.83950 0.03255
vt 0.83580 0.02900
vt 0.83390 0.03255
vt 0.83760 0.02900
vt 0.83940 0.02875
vt 0.84410 0.03225
vt 0.84010 0.03755
vt 0.84530 0.03760
vt 0.84290 0.04205
vt 0.83890 0.04170
vt 0.83420 0.04170
vt 0.83340 0.03755
vt 0.82950 0.03225
vt 0.82810 0.03760
vt 0.83060 0.04200
vt 0.83400 0.04400
vt 0.83570 0.04370
vt 0.83670 0.04435
vt 0.83740 0.04370
vt 0.83940 0.04400
vt 0.83410 0.02875
vt 0.83680 0.02830
vt 0.58870 0.20715
vt 0.58500 0.21070
vt 0.59050 0.21070
vt 0.58680 0.20715
vt 0.58780 0.20650
vt 0.59050 0.20690
vt 0.59510 0.21040
vt 0.59110 0.21570
vt 0.59640 0.21575
vt 0.59390 0.22020
vt 0.59000 0.21985
vt 0.58440 0.21570
vt 0.58530 0.21985
vt 0.58150 0.22015
vt 0.57910 0.21575
vt 0.58040 0.21040
vt 0.58520 0.20690
vt 0.58510 0.22215
vt 0.58670 0.22185
vt 0.58780 0.22255
vt 0.58840 0.22185
vt 0.59030 0.22215
vt 0.53370 0.37250
vt 0.52990 0.37605
vt 0.53550 0.37605
vt 0.53190 0.37250
vt 0.53280 0.37185
vt 0.53540 0.37225
vt 0.54020 0.37575
vt 0.53610 0.38105
vt 0.54140 0.38110
vt 0.53890 0.38555
vt 0.53490 0.38520
vt 0.52930 0.38105
vt 0.53030 0.38520
vt 0.52660 0.38555
vt 0.52420 0.38110
vt 0.52550 0.37580
vt 0.53020 0.37225
vt 0.53000 0.38750
vt 0.53170 0.38725
vt 0.53270 0.38795
vt 0.53340 0.38720
vt 0.53540 0.38750
vt 0.71550 0.46825
vt 0.71910 0.47180
vt 0.71720 0.47180
vt 0.72090 0.46825
vt 0.71480 0.46325
vt 0.72160 0.46325
vt 0.72060 0.45910
vt 0.71590 0.45910
vt 0.71200 0.45875
vt 0.70950 0.46320
vt 0.71080 0.46855
vt 0.71550 0.47205
vt 0.71810 0.47245
vt 0.72070 0.47205
vt 0.72550 0.46855
vt 0.72680 0.46320
vt 0.72440 0.45880
vt 0.72080 0.45680
vt 0.71920 0.45710
vt 0.71750 0.45710
vt 0.71560 0.45680
vt 0.71830 0.45640
vt 0.74790 0.16505
vt 0.75500 0.16320
vt 0.75500 0.16410
vt 0.74790 0.16225
vt 0.73790 0.16530
vt 0.73790 0.16195
vt 0.72960 0.16240
vt 0.72960 0.16475
vt 0.72900 0.16670
vt 0.73780 0.16795
vt 0.74850 0.16735
vt 0.75550 0.16500
vt 0.75630 0.16370
vt 0.75550 0.16235
vt 0.74850 0.15995
vt 0.73780 0.15930
vt 0.72900 0.16050
vt 0.72500 0.16230
vt 0.72560 0.16310
vt 0.72560 0.16400
vt 0.72500 0.16490
vt 0.72420 0.16365
vt 0.53830 0.45750
vt 0.54540 0.45940
vt 0.53830 0.45845
vt 0.54540 0.45660
vt 0.53780 0.45665
vt 0.54480 0.45430
vt 0.55540 0.45630
vt 0.55550 0.45365
vt 0.56450 0.45490
vt 0.56370 0.45690
vt 0.56840 0.45665
vt 0.56770 0.45765
vt 0.56920 0.45800
vt 0.56790 0.45850
vt 0.56370 0.45925
vt 0.55540 0.45965
vt 0.54480 0.46160
vt 0.55550 0.46230
vt 0.56450 0.46105
vt 0.56840 0.45935
vt 0.53780 0.45925
vt 0.53700 0.45795
vt 0.69070 0.45400
vt 0.68690 0.45750
vt 0.68870 0.45400
vt 0.69240 0.45750
vt 0.69240 0.45375
vt 0.69700 0.45720
vt 0.69300 0.46250
vt 0.69840 0.46260
vt 0.69580 0.46705
vt 0.69190 0.46665
vt 0.69230 0.46900
vt 0.69030 0.46870
vt 0.68960 0.46935
vt 0.68860 0.46870
vt 0.68730 0.46665
vt 0.68630 0.46250
vt 0.68240 0.45720
vt 0.68100 0.46260
vt 0.68350 0.46700
vt 0.68700 0.46900
vt 0.68710 0.45375
vt 0.68970 0.45330
vt 0.07360 0.40430
vt 0.08650 0.39515
vt 0.07070 0.39915
vt 0.09300 0.39935
vt 0.09800 0.38845
vt 0.10730 0.39105
vt 0.10350 0.38000
vt 0.11410 0.38070
vt 0.10220 0.37120
vt 0.11240 0.36975
vt 0.09420 0.36330
vt 0.10250 0.36000
vt 0.08080 0.35755
vt 0.08610 0.35290
vt 0.06400 0.35480
vt 0.06520 0.34950
vt 0.04630 0.35545
vt 0.04350 0.35035
vt 0.02390 0.35520
vt 0.03050 0.35945
vt 0.01890 0.36615
vt 0.00960 0.36355
vt 0.01340 0.37455
vt 0.00290 0.37395
vt 0.01480 0.38340
vt 0.00450 0.38485
vt 0.02280 0.39130
vt 0.01440 0.39460
vt 0.03630 0.39710
vt 0.03100 0.40175
vt 0.05300 0.39985
vt 0.05180 0.40510
vt 0.68440 0.30385
vt 0.75280 0.31270
vt 0.75280 0.30385
vt 0.68440 0.31270
vt 0.75280 0.32155
vt 0.68440 0.32155
vt 0.75280 0.33040
vt 0.68440 0.33040
vt 0.75280 0.33925
vt 0.68440 0.33925
vt 0.75280 0.34810
vt 0.68440 0.34810
vt 0.75280 0.35695
vt 0.68440 0.35695
vt 0.75280 0.36580
vt 0.68440 0.36580
vt 0.75280 0.37465
vt 0.68440 0.37465
vt 0.75280 0.38350
vt 0.68440 0.38350
vt 0.75280 0.39235
vt 0.68440 0.39235
vt 0.75280 0.40120
vt 0.68440 0.40120
vt 0.75280 0.41005
vt 0.68440 0.41005
vt 0.75280 0.41895
vt 0.68440 0.41895
vt 0.75280 0.42780
vt 0.68440 0.42780
vt 0.75280 0.43665
vt 0.68440 0.43665
vt 0.68440 0.29500
vt 0.75280 0.29500
vt 0.17920 0.38170
vt 0.16280 0.37840
vt 0.15450 0.40075
vt 0.14510 0.37855
vt 0.12880 0.38200
vt 0.11650 0.38835
vt 0.10990 0.39660
vt 0.11010 0.40545
vt 0.11710 0.41355
vt 0.12980 0.41975
vt 0.14620 0.42305
vt 0.16390 0.42290
vt 0.18020 0.41945
vt 0.19260 0.41310
vt 0.19910 0.40485
vt 0.19900 0.39600
vt 0.19190 0.38790
vt 0.70180 0.02270
vt 0.13980 0.01210
vt 0.13980 0.02270
vt 0.70180 0.01210
vt 0.13980 0.00155
vt 0.70180 0.00155
vt 0.00290 0.00155
vt 0.00290 0.01210
vt 0.00290 0.02270
vt 0.13980 0.03335
vt 0.00290 0.03335
vt 0.13980 0.04400
vt 0.00290 0.04400
vt 0.13980 0.05470
vt 0.00290 0.05470
vt 0.13980 0.06535
vt 0.00290 0.06535
vt 0.13980 0.07625
vt 0.00290 0.07625
vt 0.13980 0.08720
vt 0.00290 0.08720
vt 0.13980 0.09795
vt 0.00290 0.09795
vt 0.13980 0.10865
vt 0.00290 0.10865
vt 0.13980 0.11940
vt 0.00290 0.11940
vt 0.13980 0.13005
vt 0.00290 0.13005
vt 0.13980 0.14075
vt 0.00290 0.14075
vt 0.13980 0.15135
vt 0.00290 0.15135
vt 0.13980 0.16200
vt 0.00290 0.16200
vt 0.13980 0.17260
vt 0.00290 0.17260
vt 0.70180 0.17260
vt 0.70180 0.16200
vt 0.70180 0.15135
vt 0.70180 0.14075
vt 0.70180 0.13005
vt 0.70180 0.11940
vt 0.70180 0.10865
vt 0.70180 0.09795
vt 0.70180 0.08720
vt 0.70180 0.07625
vt 0.70180 0.06535
vt 0.70180 0.05470
vt 0.70180 0.04400
vt 0.70180 0.03335
vt 0.72170 0.23205
vt 0.69930 0.25450
vt 0.71810 0.25570
vt 0.70630 0.23095
vt 0.72520 0.21305
vt 0.71330 0.21215
vt 0.72580 0.19375
vt 0.74120 0.19415
vt 0.73720 0.21340
vt 0.73710 0.23240
vt 0.73710 0.25610
vt 0.73690 0.28035
vt 0.71470 0.27985
vt 0.69270 0.27845
vt 0.67090 0.27650
vt 0.68090 0.25255
vt 0.69130 0.22920
vt 0.70170 0.21065
vt 0.71120 0.19160
vt 0.73130 0.18075
vt 0.72360 0.17955
vt 0.69800 0.18770
vt 0.71690 0.17760
vt 0.68730 0.18220
vt 0.71200 0.17485
vt 0.65930 0.19865
vt 0.66910 0.20250
vt 0.63480 0.21590
vt 0.64820 0.22010
vt 0.61100 0.23860
vt 0.62780 0.24285
vt 0.60970 0.26585
vt 0.59080 0.26140
vt 0.59460 0.23395
vt 0.57280 0.25685
vt 0.62190 0.21120
vt 0.65040 0.19420
vt 0.62940 0.26995
vt 0.64500 0.24670
vt 0.64980 0.27355
vt 0.66270 0.24995
vt 0.67650 0.22680
vt 0.69030 0.20850
vt 0.67930 0.20580
vt 0.66210 0.22375
vt 0.75240 0.23205
vt 0.75600 0.25570
vt 0.74910 0.21315
vt 0.75620 0.19285
vt 0.76110 0.21220
vt 0.76770 0.23100
vt 0.77470 0.25450
vt 0.78130 0.27865
vt 0.75920 0.27990
vt 0.80290 0.27655
vt 0.79320 0.25260
vt 0.82400 0.27370
vt 0.81130 0.25005
vt 0.84450 0.27020
vt 0.82900 0.24685
vt 0.86430 0.26615
vt 0.84610 0.24305
vt 0.88320 0.26180
vt 0.86280 0.23885
vt 0.87920 0.23430
vt 0.90120 0.25715
vt 0.85250 0.21160
vt 0.83950 0.21620
vt 0.82470 0.19445
vt 0.81560 0.19885
vt 0.78270 0.18510
vt 0.79020 0.18060
vt 0.76060 0.17620
vt 0.76380 0.17395
vt 0.77040 0.18980
vt 0.75460 0.17860
vt 0.74740 0.18020
vt 0.73940 0.18090
vt 0.77270 0.21070
vt 0.78420 0.20860
vt 0.78280 0.22930
vt 0.79760 0.22695
vt 0.81200 0.22395
vt 0.82590 0.22035
vt 0.80570 0.20270
vt 0.79520 0.20595
vt 0.83130 0.10850
vt 0.81850 0.10805
vt 0.82140 0.11275
vt 0.82300 0.10365
vt 0.83240 0.10210
vt 0.83020 0.11495
vt 0.83960 0.11345
vt 0.84410 0.10905
vt 0.84120 0.10435
vt 0.00290 0.21785
vt 0.56760 0.22860
vt 0.56760 0.21785
vt 0.00290 0.22860
vt 0.56760 0.23930
vt 0.00290 0.23930
vt 0.56760 0.25010
vt 0.00290 0.25010
vt 0.56760 0.26085
vt 0.00290 0.26085
vt 0.56760 0.27190
vt 0.00290 0.27190
vt 0.56760 0.28290
vt 0.00290 0.28290
vt 0.56760 0.29360
vt 0.00290 0.29360
vt 0.56760 0.30430
vt 0.00290 0.30430
vt 0.56760 0.31500
vt 0.00290 0.31500
vt 0.56760 0.32570
vt 0.00290 0.32570
vt 0.56760 0.33635
vt 0.00290 0.33635
vt 0.56760 0.34700
vt 0.00290 0.34700
vt 0.00290 0.20710
vt 0.56760 0.20710
vt 0.00290 0.19640
vt 0.56760 0.19640
vt 0.00290 0.18575
vt 0.56760 0.18575
vt 0.00290 0.17510
vt 0.56760 0.17510
vt 0.27440 0.38270
vt 0.26340 0.39595
vt 0.27820 0.39530
vt 0.26220 0.38085
vt 0.26440 0.37970
vt 0.27720 0.38215
vt 0.28110 0.39630
vt 0.26530 0.39730
vt 0.20540 0.39730
vt 0.20590 0.39565
vt 0.21530 0.37475
vt 0.21590 0.37340
vt 0.64140 0.18970
vt 0.63100 0.17645
vt 0.62930 0.19160
vt 0.64560 0.17760
vt 0.64420 0.19065
vt 0.64860 0.17670
vt 0.63270 0.17510
vt 0.57280 0.17510
vt 0.57320 0.17670
vt 0.58240 0.19765
vt 0.58310 0.19895
vt 0.63150 0.19275
vt 0.23450 0.45055
vt 0.23710 0.46375
vt 0.23710 0.45055
vt 0.23450 0.46375
vt 0.23180 0.45055
vt 0.23180 0.46375
vt 0.22910 0.45055
vt 0.22910 0.46375
vt 0.23970 0.46375
vt 0.23970 0.45055
vt 0.71120 0.03905
vt 0.71330 0.04170
vt 0.71370 0.03890
vt 0.70900 0.03985
vt 0.70790 0.04230
vt 0.70790 0.04100
vt 0.76090 0.38280
vt 0.78740 0.37730
vt 0.76210 0.37545
vt 0.79100 0.38340
vt 0.76150 0.41155
vt 0.80330 0.40690
vt 0.80600 0.40655
vt 0.79330 0.38230
vt 0.78860 0.37590
vt 0.76030 0.37400
vt 0.75820 0.38190
vt 0.75820 0.41180
vt 0.71590 0.48090
vt 0.70560 0.49420
vt 0.72020 0.49305
vt 0.70390 0.47905
vt 0.70590 0.47790
vt 0.71880 0.48000
vt 0.72310 0.49395
vt 0.70730 0.49555
vt 0.64720 0.49555
vt 0.64780 0.49390
vt 0.65700 0.47300
vt 0.65770 0.47160
vt 0.83030 0.07685
vt 0.83300 0.06365
vt 0.83030 0.06365
vt 0.83300 0.07685
vt 0.83570 0.06365
vt 0.83570 0.07685
vt 0.83830 0.06365
vt 0.83830 0.07685
vt 0.82780 0.07685
vt 0.82780 0.06365
vt 0.82260 0.09075
vt 0.82230 0.09210
vt 0.82790 0.09185
vt 0.82420 0.08970
vt 0.82910 0.08910
vt 0.82650 0.08910
vt 0.02780 0.37075
vt 0.03870 0.38395
vt 0.04000 0.36890
vt 0.02400 0.38335
vt 0.02500 0.37010
vt 0.02110 0.38435
vt 0.03700 0.38530
vt 0.09680 0.38530
vt 0.09620 0.38365
vt 0.08690 0.36275
vt 0.08620 0.36140
vt 0.03780 0.36775
vt 0.45650 0.43905
vt 0.46680 0.42570
vt 0.45230 0.42695
vt 0.46860 0.44085
vt 0.46640 0.44210
vt 0.45360 0.44000
vt 0.44920 0.42605
vt 0.46510 0.42440
vt 0.52510 0.42440
vt 0.52450 0.42605
vt 0.51540 0.44695
vt 0.51480 0.44830
vt 0.73390 0.44535
vt 0.70750 0.44405
vt 0.70750 0.44535
vt 0.73390 0.44405
vt 0.73390 0.44665
vt 0.70750 0.44665
vt 0.70750 0.44270
vt 0.73390 0.44270
vt 0.73390 0.44800
vt 0.70750 0.44800
vt 0.63960 0.46815
vt 0.64230 0.46790
vt 0.64180 0.47070
vt 0.63760 0.46885
vt 0.63640 0.47135
vt 0.63640 0.47010
vt 0.98860 0.22835
vt 0.96220 0.22290
vt 0.95850 0.22900
vt 0.98740 0.22100
vt 0.99130 0.22740
vt 0.98940 0.21955
vt 0.96110 0.22145
vt 0.95620 0.22790
vt 0.94350 0.25210
vt 0.94630 0.25245
vt 0.98800 0.25710
vt 0.99130 0.25740
vt 0.54240 0.41130
vt 0.53210 0.39800
vt 0.53040 0.41315
vt 0.54660 0.39925
vt 0.54530 0.41230
vt 0.54970 0.39830
vt 0.53380 0.39665
vt 0.47380 0.39665
vt 0.47440 0.39830
vt 0.48350 0.41925
vt 0.48410 0.42060
vt 0.53250 0.41435
vt 0.07370 0.39115
vt 0.04720 0.39245
vt 0.07370 0.39245
vt 0.04720 0.39115
vt 0.04720 0.39380
vt 0.07370 0.39380
vt 0.04720 0.39515
vt 0.07370 0.39515
vt 0.07370 0.38985
vt 0.04720 0.38985
vt 0.96850 0.49375
vt 0.97380 0.49485
vt 0.96810 0.49505
vt 0.97010 0.49275
vt 0.97510 0.49215
vt 0.97240 0.49215
vt 0.57290 0.44755
vt 0.56210 0.44755
vt 0.56230 0.44440
vt 0.55150 0.44435
vt 0.55150 0.44755
vt 0.57230 0.37170
vt 0.58350 0.44755
vt 0.58350 0.37170
vt 0.58350 0.29530
vt 0.59410 0.37170
vt 0.59410 0.29530
vt 0.60470 0.37170
vt 0.60470 0.29530
vt 0.61540 0.37170
vt 0.61540 0.29530
vt 0.62600 0.29530
vt 0.62600 0.37170
vt 0.63660 0.29530
vt 0.63660 0.37170
vt 0.64730 0.29530
vt 0.64730 0.37170
vt 0.65840 0.37170
vt 0.64730 0.44755
vt 0.65800 0.44755
vt 0.66860 0.44440
vt 0.66860 0.44755
vt 0.67920 0.44435
vt 0.67920 0.44755
vt 0.63670 0.44755
vt 0.62600 0.44755
vt 0.61540 0.44755
vt 0.60470 0.44755
vt 0.59410 0.44755
vt 0.79810 0.44435
vt 0.79990 0.44210
vt 0.80100 0.44425
vt 0.79860 0.44210
vt 0.79710 0.44200
vt 0.79530 0.44415
vt 0.79530 0.45085
vt 0.79190 0.45070
vt 0.79170 0.46380
vt 0.78450 0.46345
vt 0.78810 0.47685
vt 0.77730 0.47640
vt 0.77760 0.46275
vt 0.76670 0.47535
vt 0.77080 0.46165
vt 0.75660 0.47365
vt 0.76450 0.45995
vt 0.74720 0.47115
vt 0.75900 0.45765
vt 0.73890 0.46775
vt 0.77930 0.44750
vt 0.78200 0.44875
vt 0.79090 0.44280
vt 0.79260 0.44360
vt 0.79490 0.44130
vt 0.79590 0.44175
vt 0.78830 0.45030
vt 0.78500 0.44965
vt 0.80130 0.44190
vt 0.80380 0.44395
vt 0.80240 0.44155
vt 0.80620 0.44320
vt 0.81270 0.44970
vt 0.81580 0.44880
vt 0.81850 0.44755
vt 0.83330 0.45995
vt 0.83870 0.45770
vt 0.85060 0.47120
vt 0.85880 0.46775
vt 0.84110 0.47370
vt 0.82690 0.46165
vt 0.83090 0.47540
vt 0.82020 0.46275
vt 0.82030 0.47640
vt 0.81310 0.46350
vt 0.80970 0.47685
vt 0.80600 0.46380
vt 0.79880 0.47705
vt 0.79880 0.46395
vt 0.79880 0.45095
vt 0.80240 0.45085
vt 0.80590 0.45070
vt 0.80930 0.45030
vt 0.31340 0.47480
vt 0.30310 0.47915
vt 0.30310 0.47345
vt 0.31340 0.47915
vt 0.32360 0.47915
vt 0.32360 0.47345
vt 0.46920 0.47915
vt 0.46920 0.46965
vt 0.62210 0.47915
vt 0.62210 0.46450
vt 0.15760 0.47920
vt 0.15760 0.46965
vt 0.00460 0.47920
vt 0.00460 0.46460
vt 0.91310 0.20875
vt 0.91710 0.23780
vt 0.91240 0.23870
vt 0.92220 0.20875
vt 0.91350 0.19335
vt 0.92410 0.19350
vt 0.91810 0.00155
vt 0.92880 0.00165
vt 0.93460 0.19375
vt 0.93950 0.00175
vt 0.94520 0.19410
vt 0.95010 0.00190
vt 0.97950 0.00230
vt 0.96800 0.19495
vt 0.96440 0.20880
vt 0.94150 0.20855
vt 0.93130 0.23060
vt 0.93070 0.20870
vt 0.92240 0.23535
vt 0.90760 0.23775
vt 0.90380 0.20860
vt 0.90250 0.23525
vt 0.89540 0.20845
vt 0.89380 0.23035
vt 0.88450 0.20820
vt 0.86180 0.20820
vt 0.88170 0.19375
vt 0.85880 0.19425
vt 0.85680 0.00160
vt 0.88610 0.00155
vt 0.89670 0.00155
vt 0.89220 0.19350
vt 0.90750 0.00155
vt 0.90280 0.19335
vt 0.78380 0.16535
vt 0.78280 0.16610
vt 0.78200 0.16535
vt 0.78470 0.16610
vt 0.78550 0.16535
vt 0.78280 0.16455
vt 0.78470 0.16455
vt 0.08290 0.41150
vt 0.03130 0.42705
vt 0.03140 0.41640
vt 0.08290 0.43200
vt 0.01900 0.41805
vt 0.01890 0.42540
vt 0.01260 0.41955
vt 0.01260 0.42390
vt 0.01010 0.42170
vt 0.72840 0.00155
vt 0.71770 0.00470
vt 0.71770 0.00155
vt 0.72780 0.07740
vt 0.73900 0.00155
vt 0.73900 0.07740
vt 0.74960 0.00155
vt 0.74960 0.07740
vt 0.76030 0.00155
vt 0.76030 0.07740
vt 0.77090 0.00155
vt 0.77090 0.07740
vt 0.78150 0.07740
vt 0.78150 0.00155
vt 0.79210 0.07740
vt 0.79210 0.00155
vt 0.80270 0.07740
vt 0.80270 0.00155
vt 0.81400 0.07740
vt 0.81350 0.00155
vt 0.82410 0.00470
vt 0.82410 0.00155
vt 0.83470 0.00475
vt 0.83470 0.00155
vt 0.80270 0.15380
vt 0.79210 0.15380
vt 0.78150 0.15380
vt 0.77090 0.15380
vt 0.76030 0.15380
vt 0.74960 0.15380
vt 0.73900 0.15380
vt 0.70700 0.00475
vt 0.70700 0.00155
vt 0.79540 0.42320
vt 0.79090 0.42415
vt 0.79090 0.42340
vt 0.79530 0.42470
vt 0.80850 0.42360
vt 0.80830 0.42535
vt 0.83450 0.42360
vt 0.83440 0.42720
vt 0.86070 0.42360
vt 0.86050 0.42895
vt 0.83360 0.43075
vt 0.85950 0.43435
vt 0.83230 0.43420
vt 0.85740 0.43965
vt 0.83000 0.43760
vt 0.85400 0.44470
vt 0.82670 0.44075
vt 0.84900 0.44940
vt 0.82200 0.44350
vt 0.84230 0.45355
vt 0.80180 0.43340
vt 0.80420 0.43205
vt 0.79310 0.42725
vt 0.80600 0.43055
vt 0.79460 0.42610
vt 0.78980 0.42535
vt 0.79050 0.42475
vt 0.80800 0.42710
vt 0.80730 0.42885
vt 0.31350 0.49255
vt 0.32370 0.49690
vt 0.31350 0.49690
vt 0.32370 0.49115
vt 0.46920 0.49665
vt 0.46920 0.48710
vt 0.62220 0.49635
vt 0.62210 0.48175
vt 0.30320 0.49690
vt 0.30310 0.49115
vt 0.15760 0.49715
vt 0.15760 0.48765
vt 0.00480 0.49740
vt 0.00460 0.48280
vt 0.79080 0.42275
vt 0.79500 0.42180
vt 0.79020 0.42210
vt 0.79390 0.42045
vt 0.78920 0.42165
vt 0.79220 0.41960
vt 0.80420 0.41510
vt 0.80180 0.41375
vt 0.82650 0.40635
vt 0.82200 0.40365
vt 0.84900 0.39770
vt 0.84230 0.39360
vt 0.85400 0.40245
vt 0.83000 0.40955
vt 0.85740 0.40755
vt 0.83230 0.41290
vt 0.85940 0.41280
vt 0.83360 0.41645
vt 0.86050 0.41815
vt 0.83440 0.42000
vt 0.80830 0.42180
vt 0.80800 0.42005
vt 0.80730 0.41835
vt 0.80600 0.41670
vt 0.92690 0.28020
vt 0.93140 0.25120
vt 0.93620 0.28025
vt 0.92660 0.25030
vt 0.92190 0.25120
vt 0.91770 0.28035
vt 0.92710 0.29565
vt 0.91650 0.29560
vt 0.92880 0.48750
vt 0.91810 0.48750
vt 0.90590 0.29540
vt 0.90750 0.48745
vt 0.89530 0.29515
vt 0.89670 0.48735
vt 0.86740 0.48720
vt 0.87240 0.29450
vt 0.87560 0.28065
vt 0.89840 0.28070
vt 0.90800 0.25855
vt 0.90930 0.28050
vt 0.91660 0.25370
vt 0.93660 0.25365
vt 0.94460 0.28040
vt 0.94540 0.25840
vt 0.95540 0.28050
vt 0.97810 0.28035
vt 0.95890 0.29505
vt 0.98170 0.29425
vt 0.99010 0.48690
vt 0.96080 0.48720
vt 0.95020 0.48730
vt 0.94820 0.29535
vt 0.93950 0.48745
vt 0.93760 0.29555
vt 0.80980 0.17085
vt 0.81150 0.17085
vt 0.81070 0.17155
vt 0.81070 0.17010
vt 0.80900 0.17010
vt 0.80900 0.17155
vt 0.80810 0.17085
vt 0.83810 0.13310
vt 0.80690 0.15885
vt 0.81670 0.13310
vt 0.84790 0.15885
vt 0.81990 0.12695
vt 0.83470 0.12695
vt 0.82300 0.12370
vt 0.83170 0.12370
vt 0.82740 0.12255
# 1224 texture vertices

vn -0.23574 -0.97182 0.00000
vn -0.63486 0.00000 0.77263
vn 0.00000 -1.00000 0.00000
vn -0.70459 0.00000 -0.70961
vn -0.88087 -0.47337 0.00000
vn -0.88087 -0.47337 0.00000
vn -0.77066 -0.63724 0.00000
vn -0.62393 -0.78148 0.00000
vn 0.00000 1.00000 0.00000
vn -0.55180 0.00000 -0.83398
vn 0.00000 1.00000 0.00000
vn -0.15665 -0.98765 0.00000
vn -0.63486 0.00000 0.77262
vn 0.00000 -1.00000 0.00000
vn -0.70459 0.00000 -0.70962
vn -0.31329 -0.94966 0.00000
vn -0.88087 -0.47337 0.00000
vn -0.77066 -0.63724 0.00000
vn -0.62393 -0.78148 0.00000
vn -0.63486 0.00000 0.77262
vn -0.55181 0.00000 -0.83397
vn 0.23574 -0.97182 0.00000
vn 0.63486 0.00000 0.77263
vn 0.70459 0.00000 -0.70961
vn 0.88087 -0.47337 0.00000
vn 0.88087 -0.47337 0.00000
vn 0.77066 -0.63724 0.00000
vn 0.62393 -0.78148 0.00000
vn 0.55180 0.00000 -0.83398
vn 0.15665 -0.98765 0.00000
vn 0.63486 0.00000 0.77262
vn 0.70459 0.00000 -0.70962
vn 0.31329 -0.94966 0.00000
vn 0.88087 -0.47337 0.00000
vn 0.77066 -0.63724 0.00000
vn 0.62393 -0.78148 0.00000
vn 0.63486 0.00000 0.77262
vn 0.55181 0.00000 -0.83397
vn 0.00000 0.00000 1.00000
vn 1.00000 0.00000 0.00000
vn 0.00000 0.00000 -1.00000
vn -0.00000 0.82459 0.56573
vn -0.00000 0.89063 -0.45472
vn -1.00000 0.00000 0.00000
vn -0.00001 0.35977 0.93304
vn -0.00001 0.22631 -0.97406
vn -0.45522 0.20150 -0.86728
vn -0.42477 0.40579 -0.80926
vn -0.00001 0.33993 -0.94045
vn 0.45521 0.20151 -0.86729
vn 0.42476 0.40579 -0.80926
vn -0.00001 0.44988 0.89309
vn 0.33384 0.87745 0.34444
vn 0.22122 0.94934 0.22320
vn 0.89245 0.22877 -0.38884
vn 0.61340 0.30832 -0.72710
vn -0.22122 0.94934 0.22320
vn -0.89245 0.22877 -0.38884
vn 0.89825 0.26177 0.35302
vn -0.89825 0.26177 0.35302
vn -0.62658 0.39661 0.67089
vn -1.00000 0.00000 0.00000
vn 0.73863 0.62161 -0.26082
vn 0.42998 0.90055 0.06421
vn 0.25220 0.96760 -0.01246
vn 0.72053 0.62760 0.29488
vn 0.50640 0.67348 0.53849
vn 0.20422 0.85884 0.46977
vn 0.01327 0.99815 0.05940
vn -0.04471 0.99882 -0.01917
vn 0.58723 0.25059 -0.76965
vn 0.42104 0.34783 0.83770
vn -0.81210 -0.34166 0.47303
vn -0.71109 -0.62578 0.32053
vn -0.88957 -0.45390 0.05142
vn -0.62172 -0.73869 -0.26039
vn -0.96757 -0.25230 -0.01256
vn 0.73863 -0.62161 -0.26082
vn 0.69328 -0.44551 -0.56647
vn 0.42998 -0.90055 0.06421
vn 0.58723 -0.25059 -0.76965
vn 0.54576 -0.19773 -0.81428
vn 0.01328 -0.99815 0.05940
vn 0.20422 -0.85884 0.46977
vn 0.50640 -0.67348 0.53849
vn 0.72053 -0.62760 0.29488
vn 0.42104 -0.34783 0.83770
vn -0.81210 0.34171 0.47301
vn -0.88956 0.45392 0.05140
vn -0.71116 0.62572 0.32050
vn -0.96755 0.25236 -0.01253
vn -0.62180 0.73863 -0.26037
vn -0.49893 0.53432 -0.68233
vn -0.93669 0.27445 -0.21747
vn -0.65179 0.05798 -0.75618
vn -0.59775 0.77911 -0.18889
vn 0.28825 0.94394 -0.16092
vn -0.02415 0.67392 -0.73841
vn -0.24583 0.27527 -0.92940
vn -0.04035 0.52420 -0.85064
vn -0.49777 0.05424 -0.86561
vn -0.25793 0.95677 0.13440
vn -0.72175 0.64272 0.25687
vn 0.27331 0.89600 0.34999
vn 0.04302 0.74675 0.66371
vn 0.38006 0.72594 0.57321
vn 0.15249 0.58966 0.79312
vn -0.59172 -0.12390 0.79657
vn -0.83256 0.11946 0.54090
vn -0.93619 0.28537 0.20520
vn -0.70831 -0.70590 -0.00023
vn -0.70832 -0.70589 0.00027
vn 0.70646 0.70775 0.00059
vn 0.70594 0.70827 0.00020
vn -0.93685 -0.27407 -0.21725
vn -0.49859 -0.53407 -0.68277
vn -0.65186 -0.05661 -0.75623
vn -0.59782 -0.77917 -0.18844
vn -0.72146 -0.64288 0.25730
vn -0.93623 -0.28542 0.20495
vn -0.70785 0.70636 0.00043
vn -0.70775 0.70647 -0.00063
vn -0.76198 0.57791 0.29226
vn -0.71323 0.35966 0.60162
vn -0.70711 0.70711 0.00000
vn -0.72480 0.00501 0.68894
vn -0.56874 0.12048 0.81364
vn 0.38226 -0.72518 0.57270
vn 0.27496 -0.89550 0.34996
vn -0.25789 -0.95675 0.13461
vn -0.21429 -0.93483 -0.28317
vn 0.70753 -0.70668 -0.00069
vn 0.70711 -0.70711 -0.00000
vn 0.32275 -0.79944 -0.50668
vn 0.70711 -0.70711 0.00000
vn -0.24454 -0.27451 -0.92997
vn -0.73863 -0.62161 -0.26082
vn -0.42998 -0.90055 0.06421
vn -0.25220 -0.96759 -0.01246
vn -0.72053 -0.62760 0.29488
vn -0.50640 -0.67348 0.53849
vn -0.20422 -0.85884 0.46977
vn -0.01328 -0.99815 0.05940
vn 0.04470 -0.99882 -0.01916
vn -0.58723 -0.25059 -0.76965
vn -0.42104 -0.34783 0.83770
vn 0.81210 0.34171 0.47301
vn 0.71116 0.62572 0.32050
vn 0.88956 0.45392 0.05140
vn 0.62180 0.73863 -0.26037
vn 0.96755 0.25236 -0.01253
vn -0.73863 0.62161 -0.26082
vn -0.69328 0.44550 -0.56647
vn -0.42998 0.90055 0.06421
vn -0.58723 0.25059 -0.76965
vn -0.54576 0.19773 -0.81428
vn -0.01327 0.99815 0.05940
vn -0.20422 0.85884 0.46977
vn -0.50640 0.67348 0.53849
vn -0.72053 0.62760 0.29488
vn -0.42104 0.34783 0.83770
vn 0.81210 -0.34166 0.47303
vn 0.88957 -0.45390 0.05142
vn 0.71109 -0.62578 0.32053
vn 0.96757 -0.25230 -0.01256
vn 0.62172 -0.73869 -0.26039
vn 0.70626 0.35806 -0.61073
vn 0.93669 0.27445 -0.21747
vn 0.59775 0.77911 -0.18889
vn 0.65179 0.05798 -0.75618
vn 0.24583 0.27527 -0.92940
vn 0.49777 0.05424 -0.86561
vn 0.02415 0.67392 -0.73841
vn 0.04035 0.52420 -0.85064
vn -0.28825 0.94394 -0.16092
vn 0.25793 0.95677 0.13440
vn 0.72175 0.64272 0.25687
vn 0.93619 0.28537 0.20520
vn 0.70831 -0.70590 -0.00023
vn 0.70832 -0.70589 0.00027
vn 0.76285 -0.57700 0.29177
vn 0.71378 -0.35975 0.60091
vn 0.72573 -0.00623 0.68795
vn 0.56611 -0.12119 0.81537
vn -0.38006 0.72594 0.57321
vn -0.27331 0.89600 0.34999
vn -0.70646 0.70775 0.00059
vn -0.70594 0.70827 0.00020
vn 0.93685 -0.27407 -0.21725
vn 0.70682 -0.35727 -0.61054
vn 0.59782 -0.77917 -0.18844
vn 0.65186 -0.05661 -0.75623
vn 0.24454 -0.27451 -0.92997
vn 0.49786 -0.05436 -0.86555
vn 0.02143 -0.67361 -0.73878
vn 0.03726 -0.52375 -0.85106
vn -0.28936 -0.94355 -0.16121
vn 0.25789 -0.95675 0.13461
vn 0.72146 -0.64288 0.25730
vn -0.27496 -0.89550 0.34996
vn -0.04416 -0.74701 0.66334
vn -0.38226 -0.72518 0.57270
vn -0.15425 -0.59219 0.79090
vn 0.59126 0.12282 0.79707
vn 0.83124 -0.12051 0.54269
vn 0.93623 -0.28542 0.20495
vn 0.70785 0.70636 0.00043
vn 0.70775 0.70647 -0.00063
vn -0.70711 -0.70711 -0.00000
vn -0.70753 -0.70668 -0.00069
vn -0.88010 0.39657 -0.26107
vn -0.43725 0.68296 -0.58513
vn -0.43004 0.87169 -0.23497
vn -0.67385 0.32802 -0.66206
vn -0.81745 0.03741 -0.57479
vn -0.98495 0.03559 -0.16915
vn -0.91468 0.40299 0.03107
vn -0.99808 0.04239 0.04523
vn -0.96344 0.04909 0.26341
vn -0.85617 0.39653 0.33127
vn -0.42245 0.86600 0.26755
vn -0.30105 0.95347 0.01594
vn -0.07086 0.97803 -0.19603
vn -0.06392 0.99785 0.01460
vn -0.07532 0.97047 0.22917
vn -0.10691 0.80322 0.58601
vn -0.42423 0.67936 0.59875
vn -0.31289 0.34181 0.88615
vn -0.64710 0.33005 0.68726
vn -0.76908 0.07043 0.63526
vn -0.12074 0.80667 -0.57854
vn -0.32016 0.29780 -0.89934
vn 0.39714 0.87987 -0.26097
vn 0.68481 0.43540 -0.58434
vn 0.87224 0.42912 -0.23463
vn 0.32868 0.67512 -0.66044
vn 0.03758 0.81815 -0.57378
vn 0.03645 0.98485 -0.16956
vn 0.40398 0.91425 0.03083
vn 0.04498 0.99797 0.04515
vn 0.04767 0.96338 0.26386
vn 0.39507 0.85678 0.33143
vn 0.86627 0.42271 0.26626
vn 0.95327 0.30171 0.01591
vn 0.97793 0.07301 -0.19575
vn 0.99785 0.06392 0.01451
vn 0.97054 0.07765 0.22807
vn 0.80414 0.10822 0.58451
vn 0.68056 0.42462 0.59710
vn 0.34171 0.31430 0.88569
vn 0.32779 0.64848 0.68704
vn 0.06535 0.76904 0.63585
vn 0.80738 0.11797 -0.57811
vn 0.29949 0.32123 -0.89840
vn -0.43644 -0.68318 -0.58547
vn -0.88016 -0.39637 -0.26118
vn -0.42840 -0.87264 -0.23444
vn -0.67494 -0.32640 -0.66175
vn -0.32018 -0.29770 -0.89937
vn -0.11687 -0.80749 -0.57818
vn -0.07087 -0.97803 -0.19603
vn -0.30164 -0.95329 0.01563
vn -0.06394 -0.99786 0.01376
vn -0.07764 -0.97032 0.22904
vn -0.42349 -0.86546 0.26765
vn -0.91457 -0.40322 0.03121
vn -0.85614 -0.39659 0.33127
vn -0.96343 -0.04922 0.26340
vn -0.99808 -0.04239 0.04519
vn -0.98495 -0.03552 -0.16913
vn -0.81739 -0.03761 -0.57486
vn -0.76906 -0.07050 0.63528
vn -0.64709 -0.33006 0.68726
vn -0.31289 -0.34183 0.88615
vn -0.42423 -0.67937 0.59874
vn -0.10802 -0.80283 0.58635
vn 0.68485 -0.43436 -0.58507
vn 0.39683 -0.88018 -0.26042
vn 0.87254 -0.42863 -0.23442
vn 0.32802 -0.67385 -0.66206
vn 0.29807 -0.31871 -0.89976
vn 0.80738 -0.11721 -0.57828
vn 0.97792 -0.07301 -0.19582
vn 0.95312 -0.30217 0.01569
vn 0.99785 -0.06392 0.01447
vn 0.97054 -0.07765 0.22807
vn 0.86584 -0.42359 0.26626
vn 0.40322 -0.91458 0.03108
vn 0.39471 -0.85718 0.33081
vn 0.04765 -0.96364 0.26292
vn 0.04499 -0.99797 0.04515
vn 0.03439 -0.98505 -0.16881
vn 0.03635 -0.81764 -0.57458
vn 0.06932 -0.76950 0.63488
vn 0.32823 -0.64849 0.68682
vn 0.34135 -0.31432 0.88582
vn 0.67879 -0.42605 0.59811
vn 0.80400 -0.10819 0.58471
vn 0.88010 0.39657 -0.26107
vn 0.43725 0.68296 -0.58513
vn 0.67385 0.32802 -0.66206
vn 0.43004 0.87169 -0.23497
vn 0.91468 0.40299 0.03107
vn 0.30105 0.95347 0.01594
vn 0.42245 0.86600 0.26755
vn 0.85617 0.39653 0.33127
vn 0.96344 0.04909 0.26341
vn 0.99808 0.04239 0.04523
vn 0.98495 0.03559 -0.16915
vn 0.81745 0.03741 -0.57479
vn 0.32016 0.29780 -0.89934
vn 0.12074 0.80667 -0.57854
vn 0.07086 0.97803 -0.19603
vn 0.06392 0.99785 0.01460
vn 0.07532 0.97047 0.22917
vn 0.10691 0.80322 0.58601
vn 0.42423 0.67936 0.59875
vn 0.64710 0.33005 0.68726
vn 0.76908 0.07043 0.63526
vn 0.31289 0.34181 0.88615
vn -0.39714 0.87987 -0.26097
vn -0.68481 0.43540 -0.58434
vn -0.32868 0.67512 -0.66044
vn -0.87224 0.42912 -0.23463
vn -0.40398 0.91425 0.03083
vn -0.95327 0.30171 0.01591
vn -0.86627 0.42271 0.26626
vn -0.39507 0.85678 0.33143
vn -0.04767 0.96338 0.26386
vn -0.04498 0.99797 0.04515
vn -0.03645 0.98485 -0.16956
vn -0.03758 0.81815 -0.57378
vn -0.29949 0.32123 -0.89840
vn -0.80738 0.11797 -0.57811
vn -0.97793 0.07301 -0.19575
vn -0.99785 0.06392 0.01451
vn -0.97054 0.07765 0.22807
vn -0.80414 0.10822 0.58451
vn -0.68056 0.42462 0.59710
vn -0.32779 0.64848 0.68704
vn -0.06535 0.76904 0.63585
vn -0.34171 0.31430 0.88569
vn 0.43644 -0.68318 -0.58547
vn 0.88016 -0.39637 -0.26118
vn 0.67494 -0.32640 -0.66175
vn 0.42840 -0.87264 -0.23444
vn 0.11687 -0.80749 -0.57818
vn 0.07087 -0.97803 -0.19603
vn 0.30164 -0.95329 0.01563
vn 0.06394 -0.99786 0.01376
vn 0.07764 -0.97032 0.22904
vn 0.42349 -0.86546 0.26765
vn 0.10802 -0.80283 0.58635
vn 0.42423 -0.67937 0.59874
vn 0.31289 -0.34183 0.88615
vn 0.64709 -0.33006 0.68726
vn 0.85614 -0.39659 0.33127
vn 0.91457 -0.40322 0.03121
vn 0.98495 -0.03552 -0.16913
vn 0.99808 -0.04239 0.04519
vn 0.96343 -0.04922 0.26340
vn 0.76906 -0.07050 0.63528
vn 0.81739 -0.03761 -0.57486
vn 0.32018 -0.29770 -0.89937
vn -0.68485 -0.43436 -0.58507
vn -0.39683 -0.88018 -0.26042
vn -0.32802 -0.67385 -0.66206
vn -0.87254 -0.42863 -0.23442
vn -0.80738 -0.11721 -0.57828
vn -0.97792 -0.07301 -0.19582
vn -0.95312 -0.30217 0.01569
vn -0.99785 -0.06392 0.01447
vn -0.97054 -0.07765 0.22807
vn -0.86584 -0.42359 0.26626
vn -0.80400 -0.10819 0.58471
vn -0.67879 -0.42605 0.59811
vn -0.34135 -0.31432 0.88582
vn -0.32823 -0.64849 0.68682
vn -0.39471 -0.85718 0.33081
vn -0.40322 -0.91458 0.03108
vn -0.03439 -0.98505 -0.16881
vn -0.04499 -0.99797 0.04515
vn -0.04765 -0.96364 0.26292
vn -0.06932 -0.76950 0.63488
vn -0.03635 -0.81764 -0.57458
vn -0.29807 -0.31871 -0.89976
vn -0.65903 0.75212 0.00000
vn -0.32084 0.94713 0.00000
vn -0.89650 0.44304 0.00000
vn -0.99780 0.06624 0.00000
vn -0.94718 -0.32070 0.00000
vn -0.75227 -0.65885 0.00000
vn -0.44286 -0.89659 0.00000
vn -0.06613 -0.99781 0.00000
vn 0.32063 -0.94720 0.00000
vn 0.65868 -0.75242 0.00000
vn 0.89652 -0.44300 0.00000
vn 0.99781 -0.06608 0.00000
vn 0.94715 0.32080 0.00000
vn 0.75242 0.65869 0.00000
vn 0.44327 0.89639 0.00000
vn 0.06613 0.99781 0.00000
vn 0.70711 -0.70711 0.00009
vn 0.38275 -0.92370 0.01693
vn 0.70690 -0.70711 0.01693
vn 0.38265 -0.92389 0.00009
vn -0.00012 -0.99986 0.01692
vn -0.00004 -1.00000 0.00009
vn 0.03979 -0.99801 0.04883
vn 0.40810 -0.91126 0.05525
vn 0.75129 -0.65788 0.05241
vn 0.92381 -0.38248 0.01695
vn 0.94588 -0.32027 0.05236
vn 0.99986 -0.00006 0.01694
vn 0.99644 0.06600 0.05238
vn 0.92377 0.38258 0.01696
vn 0.89526 0.44246 0.05239
vn 0.70696 0.70705 0.01696
vn 0.65808 0.75112 0.05244
vn 0.38284 0.92366 0.01693
vn 0.32031 0.94586 0.05245
vn -0.00010 0.99986 0.01695
vn -0.06611 0.99643 0.05244
vn -0.38273 0.92371 0.01694
vn -0.44243 0.89527 0.05245
vn -0.70705 0.70696 0.01694
vn -0.73409 0.67729 0.04880
vn -0.92382 0.38246 0.01700
vn -0.93294 0.35576 0.05536
vn -0.99986 0.00009 0.01696
vn -0.99646 -0.06580 0.05238
vn -0.92374 -0.38265 0.01694
vn -0.89529 -0.44240 0.05238
vn -0.70703 -0.70698 0.01694
vn -0.65778 -0.75138 0.05244
vn -0.38248 -0.92381 0.01694
vn -0.32035 -0.94584 0.05248
vn -0.38261 -0.92391 0.00009
vn -0.70708 -0.70713 0.00009
vn -0.92384 -0.38277 0.00009
vn -1.00000 -0.00007 0.00009
vn -0.92385 0.38276 0.00009
vn -0.70709 0.70713 0.00009
vn -0.38276 0.92385 0.00009
vn 0.00004 1.00000 0.00009
vn 0.38261 0.92391 0.00010
vn 0.70711 0.70711 0.00009
vn 0.92395 0.38252 0.00009
vn 1.00000 0.00002 0.00009
vn 0.92382 -0.38284 0.00008
vn -0.37718 0.90915 0.17657
vn -0.68402 0.72256 0.10010
vn -0.31894 0.94198 0.10462
vn -0.69729 0.69471 0.17653
vn -0.36943 0.88813 0.27342
vn -0.71088 0.65380 0.25923
vn -0.51788 0.77180 0.36895
vn 0.18048 0.91179 0.36886
vn -0.03838 0.96506 0.25920
vn -0.00045 0.98429 0.17656
vn 0.06570 0.99234 0.10461
vn -0.90251 0.41593 0.11171
vn -0.90960 0.37616 0.17643
vn -0.88928 0.36686 0.27312
vn -0.91179 0.18079 0.36873
vn -0.56089 0.70132 0.43995
vn -0.89251 0.10020 0.43977
vn -0.77239 -0.51692 0.36905
vn -0.70224 -0.55989 0.43976
vn -0.18115 -0.90938 0.37445
vn -0.17467 -0.87516 0.45121
vn -0.36662 -0.88928 0.27345
vn -0.65528 -0.70952 0.25921
vn -0.37616 -0.90960 0.17646
vn -0.69560 -0.69641 0.17652
vn -0.44033 -0.89172 0.10463
vn -0.74810 -0.65528 0.10461
vn -0.02813 -0.99458 0.10011
vn 0.00044 -0.98432 0.17639
vn 0.06302 -0.95999 0.27284
vn -0.94194 -0.31908 0.10457
vn -0.99222 0.06737 0.10474
vn -0.98429 0.00130 0.17656
vn -0.96510 -0.03704 0.25926
vn -0.88810 -0.36943 0.27351
vn -0.90919 -0.37708 0.17656
vn 0.37624 0.90955 0.17653
vn 0.44073 0.89152 0.10463
vn 0.36633 0.88938 0.27350
vn 0.77224 0.51715 0.36906
vn 0.65512 0.70967 0.25920
vn 0.69575 0.69629 0.17642
vn 0.74819 0.65519 0.10458
vn 0.94195 0.31906 0.10453
vn 0.99233 -0.06585 0.10457
vn 0.89161 -0.44056 0.10458
vn 0.65493 -0.74841 0.10463
vn 0.34341 -0.93255 0.11147
vn 0.37686 -0.90932 0.17640
vn 0.40564 -0.87654 0.25911
vn 0.51752 -0.77463 0.36348
vn 0.50045 -0.74886 0.43446
vn 0.91178 -0.18028 0.36900
vn 0.89243 -0.10019 0.43992
vn 0.70228 0.55972 0.43991
vn 0.10005 0.89236 0.44009
vn 0.88807 0.36955 0.27342
vn 0.96507 0.03830 0.25918
vn 0.90917 0.37715 0.17653
vn 0.98429 0.00039 0.17655
vn 0.90955 -0.37623 0.17655
vn 0.69625 -0.69575 0.17653
vn 0.70966 -0.65515 0.25915
vn 0.88931 -0.36656 0.27343
vn 0.16230 -0.81667 0.55381
vn -0.48722 -0.77351 -0.40533
vn -0.54980 -0.75120 0.36527
vn -0.26166 -0.94299 0.20569
vn -0.64210 -0.65180 -0.40358
vn -0.42695 -0.45802 -0.77970
vn -0.14224 -0.87469 -0.46334
vn -0.16006 -0.95394 0.25374
vn -0.28766 -0.67242 0.68198
vn -0.39234 -0.61455 0.68440
vn -0.65606 -0.72328 0.21552
vn -0.63960 -0.65383 -0.40426
vn -0.46467 -0.49063 -0.73713
vn 0.72249 0.57140 -0.38924
vn 0.69074 0.61307 0.38344
vn 0.65849 0.63850 -0.39838
vn 0.90911 0.34636 -0.23140
vn 0.72342 0.65611 0.21490
vn 0.65429 0.63983 -0.40315
vn -0.37206 -0.92465 0.08116
vn -0.37329 -0.92771 0.00000
vn -0.37051 -0.92080 0.12185
vn 0.92279 -0.37674 0.08077
vn 0.92582 -0.37797 0.00000
vn 0.37484 0.92358 0.08062
vn 0.37606 0.92659 0.00000
vn 0.36505 0.89945 0.24028
vn -0.55031 0.75128 0.36432
vn -0.48762 0.77359 -0.40471
vn -0.26346 0.94270 0.20471
vn -0.64244 0.65192 -0.40283
vn -0.65592 0.72342 0.21549
vn -0.63946 0.65397 -0.40425
vn -0.46530 0.49133 -0.73627
vn -0.42796 0.45876 -0.77871
vn -0.14400 0.87481 -0.46258
vn -0.16399 0.95357 0.25259
vn -0.28995 0.67402 0.67943
vn -0.39322 0.61518 0.68332
vn 0.72231 -0.57135 -0.38966
vn 0.69061 -0.61296 0.38385
vn 0.90924 -0.34610 -0.23128
vn 0.65827 -0.63849 -0.39876
vn 0.72354 -0.65579 0.21547
vn 0.65410 -0.63933 -0.40425
vn -0.37799 0.92581 0.00000
vn -0.37675 0.92279 0.08077
vn -0.37520 0.91898 0.12126
vn 0.92279 0.37675 0.08077
vn 0.92581 0.37798 0.00000
vn 0.37485 -0.92357 0.08061
vn 0.37608 -0.92659 0.00000
vn 0.36506 -0.89945 0.24026
vn 0.48722 -0.77351 -0.40533
vn 0.54980 -0.75120 0.36527
vn 0.64210 -0.65180 -0.40358
vn 0.26166 -0.94299 0.20569
vn 0.14224 -0.87469 -0.46334
vn 0.16006 -0.95394 0.25374
vn 0.28766 -0.67242 0.68198
vn 0.39234 -0.61454 0.68440
vn 0.65606 -0.72328 0.21552
vn 0.63960 -0.65383 -0.40426
vn 0.46467 -0.49063 -0.73713
vn 0.42695 -0.45802 -0.77970
vn -0.72249 0.57140 -0.38924
vn -0.69074 0.61307 0.38344
vn -0.90911 0.34636 -0.23140
vn -0.65849 0.63850 -0.39838
vn -0.72342 0.65611 0.21490
vn -0.65429 0.63983 -0.40315
vn 0.37206 -0.92465 0.08116
vn 0.37329 -0.92771 0.00000
vn 0.37051 -0.92080 0.12185
vn -0.92279 -0.37674 0.08077
vn -0.92582 -0.37797 0.00000
vn 0.92848 0.37138 0.00000
vn 0.92159 0.36862 0.12161
vn -0.36505 0.89945 0.24028
vn 0.55031 0.75128 0.36432
vn 0.48762 0.77359 -0.40471
vn 0.64244 0.65192 -0.40283
vn 0.26346 0.94270 0.20471
vn 0.28995 0.67402 0.67943
vn 0.16399 0.95357 0.25259
vn 0.14400 0.87481 -0.46258
vn 0.42796 0.45876 -0.77871
vn 0.46530 0.49133 -0.73627
vn 0.63946 0.65397 -0.40425
vn 0.65592 0.72342 0.21549
vn 0.39322 0.61518 0.68332
vn -0.72231 -0.57135 -0.38966
vn -0.69061 -0.61296 0.38385
vn -0.65827 -0.63849 -0.39876
vn -0.90924 -0.34610 -0.23128
vn -0.72354 -0.65579 0.21547
vn -0.65410 -0.63933 -0.40425
vn 0.37799 0.92581 0.00000
vn 0.37675 0.92279 0.08077
vn 0.37520 0.91898 0.12126
vn -0.92279 0.37675 0.08077
vn -0.92581 0.37798 0.00000
vn -0.37485 -0.92357 0.08061
vn -0.37608 -0.92659 0.00000
vn -0.36506 -0.89945 0.24026
vn 0.97108 -0.17154 0.16608
vn 0.92177 0.33627 0.19304
vn 0.97762 -0.20967 0.01704
vn 0.70735 0.70687 0.00000
vn 0.69304 0.69256 0.20015
vn 0.86519 -0.50131 0.01190
vn 0.77421 -0.61912 0.13145
vn 0.70681 -0.70741 0.00000
vn 0.65830 -0.75275 0.00413
vn 0.25895 -0.96589 0.00000
vn 0.25884 -0.96591 -0.00344
vn -0.25862 -0.96598 0.00000
vn -0.25862 -0.96596 -0.00668
vn -0.70687 -0.70735 0.00000
vn -0.70699 -0.70714 -0.01087
vn -0.96587 -0.25894 -0.00671
vn -0.96589 -0.25895 0.00000
vn -0.96594 0.25873 -0.00345
vn -0.96598 0.25862 0.00000
vn -0.75269 0.65836 0.00411
vn -0.70737 0.70684 0.00000
vn -0.50084 0.86546 0.01187
vn -0.61871 0.77450 0.13170
vn -0.17133 0.97108 0.16631
vn -0.20957 0.97765 0.01702
vn 0.33647 0.92166 0.19321
vn -0.93536 0.34135 0.09262
vn -0.98325 -0.17191 0.06049
vn -0.70618 -0.70654 0.04602
vn -0.17169 -0.98331 0.06023
vn 0.34184 -0.93520 0.09242
vn -0.85278 -0.49434 0.16852
vn -0.48152 -0.83166 0.27656
vn -0.00453 -0.97566 0.21925
vn -0.78630 -0.45401 0.41906
vn -0.84155 0.35275 0.40909
vn -0.83284 0.47348 0.28670
vn -0.95384 -0.25828 0.15322
vn -0.95997 0.20203 0.19401
vn -0.95942 -0.25805 0.11368
vn -0.95176 0.25370 0.17258
vn -0.68625 0.68299 0.25017
vn -0.24729 0.91344 0.32322
vn 0.23792 0.89657 0.37357
vn 0.65065 0.65081 0.39129
vn 0.64434 0.64535 0.41031
vn 0.23245 0.88452 0.40447
vn 0.77109 0.44265 0.45770
vn -0.00856 0.90863 0.41752
vn 0.74738 0.43139 0.50530
vn -0.11106 0.86594 0.48765
vn -0.67985 0.67542 0.28568
vn -0.29366 0.89282 0.34152
vn 0.70887 -0.54298 0.45020
vn 0.80290 -0.47596 0.35890
vn 0.90121 -0.24722 0.35595
vn 0.89980 0.18922 0.39314
vn 0.89645 0.23866 0.37338
vn 0.91335 -0.24796 0.32297
vn 0.68259 -0.68678 0.24982
vn 0.25348 -0.95183 0.17253
vn -0.25795 -0.95944 0.11375
vn -0.70372 -0.70453 0.09179
vn -0.66105 -0.73730 0.13930
vn -0.30760 -0.94132 0.13892
vn 0.24935 -0.94530 0.21032
vn 0.64084 -0.71918 0.26852
vn -0.70663 0.70663 0.03670
vn -0.70691 0.70716 0.01411
vn 0.70663 -0.70663 0.03672
vn 0.70691 -0.70716 0.01414
vn -0.70047 -0.70111 -0.13339
vn -0.25556 -0.95512 -0.14979
vn -0.69957 -0.69939 -0.14650
vn -0.22759 -0.96522 -0.12863
vn -0.70532 -0.70536 -0.07058
vn -0.25917 -0.96430 -0.05429
vn 0.23898 -0.96992 -0.04623
vn 0.61716 -0.78666 -0.01679
vn 0.70711 -0.70711 -0.00118
vn 0.68308 -0.72583 -0.08104
vn 0.53162 -0.83887 -0.11692
vn 0.52829 -0.82988 -0.17948
vn 0.22165 -0.96569 -0.13530
vn 0.24729 -0.95583 -0.15888
vn -0.95499 -0.25531 -0.15104
vn -0.96525 -0.22758 -0.12843
vn -0.95486 0.24963 -0.16104
vn -0.96559 0.22255 -0.13459
vn -0.82696 0.53191 -0.18221
vn -0.83726 0.53453 -0.11521
vn -0.72222 0.68695 -0.08063
vn -0.78590 0.61816 -0.01548
vn -0.70711 0.70711 -0.00177
vn -0.96998 0.23915 -0.04402
vn -0.96441 -0.25908 -0.05279
vn 0.66105 -0.38131 0.64623
vn 0.97108 0.17154 0.16608
vn 0.97765 0.20957 0.01702
vn 0.92172 -0.33643 0.19300
vn 0.86526 0.50118 0.01190
vn 0.77421 0.61912 0.13145
vn 0.70680 0.70741 0.00000
vn 0.34156 0.93529 0.09256
vn 0.25895 0.96589 0.00000
vn -0.17169 0.98329 0.06050
vn -0.25862 0.96598 0.00000
vn -0.70602 0.70669 0.04608
vn -0.70687 0.70735 0.00000
vn -0.96589 0.25895 0.00000
vn -0.98325 0.17191 0.06049
vn -0.96598 -0.25862 0.00000
vn -0.93531 -0.34151 0.09259
vn -0.70737 -0.70684 0.00000
vn -0.61895 -0.77433 0.13159
vn -0.50084 -0.86546 0.01187
vn -0.17133 -0.97112 0.16607
vn -0.20974 -0.97761 0.01701
vn 0.33674 -0.92159 0.19306
vn 0.70735 -0.70687 0.00000
vn 0.69303 -0.69256 0.20015
vn -0.75269 -0.65836 0.00411
vn -0.96594 -0.25873 -0.00345
vn -0.96587 0.25894 -0.00671
vn -0.70690 0.70723 -0.01088
vn -0.25862 0.96596 -0.00670
vn 0.25884 0.96591 -0.00345
vn 0.65830 0.75275 0.00412
vn -0.85278 0.49433 0.16852
vn -0.48152 0.83166 0.27655
vn -0.78630 0.45401 0.41906
vn -0.00453 0.97566 0.21925
vn -0.66105 0.73730 0.13930
vn -0.30726 0.94146 0.13874
vn -0.70331 0.70494 0.09175
vn -0.25738 0.95960 0.11366
vn 0.25293 0.95198 0.17250
vn 0.68218 0.68718 0.24984
vn 0.91335 0.24796 0.32297
vn 0.89636 -0.23896 0.37342
vn 0.65085 -0.65070 0.39114
vn 0.64439 -0.64524 0.41040
vn 0.89978 -0.18921 0.39319
vn 0.77177 -0.44173 0.45744
vn 0.90121 0.24722 0.35595
vn 0.80290 0.47595 0.35890
vn 0.74932 -0.42855 0.50485
vn 0.70887 0.54298 0.45020
vn 0.24936 0.94535 0.21006
vn 0.64060 0.71945 0.26837
vn 0.70688 0.70638 0.03671
vn 0.70693 0.70714 0.01415
vn -0.70684 -0.70642 0.03667
vn -0.70691 -0.70716 0.01411
vn -0.84294 -0.34986 0.40872
vn -0.83419 -0.47151 0.28602
vn -0.11239 -0.86452 0.48988
vn -0.00749 -0.90857 0.41766
vn 0.23311 -0.88433 0.40449
vn 0.23843 -0.89644 0.37356
vn -0.24784 -0.91328 0.32326
vn -0.68642 -0.68284 0.25011
vn -0.95167 -0.25402 0.17265
vn -0.95942 0.25805 0.11368
vn -0.95384 0.25828 0.15322
vn -0.95996 -0.20202 0.19407
vn -0.68026 -0.67509 0.28547
vn -0.29401 -0.89279 0.34131
vn -0.70078 0.70079 -0.13340
vn -0.25591 0.95500 -0.14995
vn -0.22798 0.96513 -0.12862
vn -0.69957 0.69939 -0.14651
vn -0.95504 0.25511 -0.15104
vn -0.96525 0.22759 -0.12847
vn -0.70532 0.70537 -0.07055
vn -0.96435 0.25930 -0.05283
vn -0.96999 -0.23915 -0.04394
vn -0.78590 -0.61816 -0.01534
vn -0.70711 -0.70711 -0.00158
vn -0.72223 -0.68696 -0.08046
vn -0.83727 -0.53453 -0.11513
vn -0.82689 -0.53197 -0.18237
vn -0.96558 -0.22258 -0.13461
vn -0.95478 -0.24991 -0.16106
vn 0.24695 0.95587 -0.15913
vn 0.22142 0.96577 -0.13516
vn 0.52789 0.83011 -0.17959
vn 0.53162 0.83891 -0.11668
vn 0.68297 0.72595 -0.08092
vn 0.61705 0.78675 -0.01668
vn 0.70679 0.70742 -0.00118
vn 0.23897 0.96993 -0.04602
vn -0.25918 0.96431 -0.05408
vn -0.00000 0.76365 0.64563
vn -0.97108 -0.17154 0.16608
vn -0.97762 -0.20967 0.01704
vn -0.92177 0.33627 0.19304
vn -0.86519 -0.50131 0.01190
vn -0.77421 -0.61912 0.13145
vn -0.70681 -0.70741 0.00000
vn -0.34184 -0.93520 0.09242
vn -0.25895 -0.96589 0.00000
vn 0.17169 -0.98331 0.06023
vn 0.25862 -0.96598 0.00000
vn 0.70618 -0.70654 0.04602
vn 0.70687 -0.70735 0.00000
vn 0.96589 -0.25895 0.00000
vn 0.98325 -0.17191 0.06049
vn 0.96598 0.25862 0.00000
vn 0.93536 0.34135 0.09262
vn 0.70737 0.70684 0.00000
vn 0.61871 0.77450 0.13170
vn 0.50084 0.86546 0.01187
vn 0.17133 0.97108 0.16631
vn 0.20957 0.97765 0.01702
vn -0.33647 0.92166 0.19321
vn -0.70735 0.70687 0.00000
vn -0.69304 0.69256 0.20015
vn 0.75269 0.65836 0.00411
vn 0.96594 0.25873 -0.00345
vn 0.96587 -0.25894 -0.00671
vn 0.70699 -0.70714 -0.01087
vn 0.25862 -0.96596 -0.00668
vn -0.25884 -0.96591 -0.00344
vn -0.65830 -0.75275 0.00413
vn 0.85278 -0.49434 0.16852
vn 0.48152 -0.83166 0.27656
vn 0.78630 -0.45401 0.41906
vn 0.00453 -0.97566 0.21925
vn 0.66105 -0.73730 0.13930
vn 0.30760 -0.94132 0.13892
vn 0.70372 -0.70453 0.09179
vn 0.25795 -0.95944 0.11375
vn -0.25348 -0.95183 0.17253
vn -0.68259 -0.68678 0.24982
vn -0.91335 -0.24796 0.32297
vn -0.89645 0.23866 0.37338
vn -0.65065 0.65081 0.39129
vn -0.64434 0.64535 0.41031
vn -0.89980 0.18922 0.39314
vn -0.77109 0.44265 0.45770
vn -0.90121 -0.24722 0.35595
vn -0.80290 -0.47596 0.35890
vn -0.74738 0.43139 0.50530
vn -0.70887 -0.54298 0.45020
vn -0.24935 -0.94530 0.21032
vn -0.64084 -0.71918 0.26852
vn -0.70663 -0.70663 0.03672
vn -0.70691 -0.70716 0.01414
vn 0.70663 0.70663 0.03670
vn 0.70691 0.70716 0.01411
vn 0.84155 0.35275 0.40909
vn 0.83284 0.47348 0.28670
vn 0.11106 0.86594 0.48765
vn 0.00856 0.90863 0.41752
vn -0.23245 0.88452 0.40447
vn -0.23792 0.89657 0.37357
vn 0.24729 0.91344 0.32322
vn 0.68625 0.68299 0.25017
vn 0.95176 0.25370 0.17258
vn 0.95942 -0.25805 0.11368
vn 0.95384 -0.25828 0.15322
vn 0.95997 0.20203 0.19401
vn 0.67985 0.67542 0.28568
vn 0.29366 0.89282 0.34152
vn 0.70047 -0.70111 -0.13339
vn 0.25556 -0.95512 -0.14979
vn 0.22759 -0.96522 -0.12863
vn 0.69957 -0.69939 -0.14650
vn 0.95499 -0.25531 -0.15104
vn 0.96525 -0.22758 -0.12843
vn 0.70532 -0.70536 -0.07058
vn 0.96441 -0.25908 -0.05279
vn 0.96998 0.23915 -0.04402
vn 0.78590 0.61816 -0.01548
vn 0.70711 0.70711 -0.00177
vn 0.72222 0.68695 -0.08063
vn 0.83726 0.53453 -0.11521
vn 0.82696 0.53191 -0.18221
vn 0.96559 0.22255 -0.13459
vn 0.95486 0.24963 -0.16104
vn -0.24729 -0.95583 -0.15888
vn -0.22165 -0.96569 -0.13530
vn -0.52829 -0.82988 -0.17948
vn -0.53162 -0.83887 -0.11692
vn -0.68308 -0.72583 -0.08104
vn -0.61716 -0.78666 -0.01679
vn -0.70711 -0.70711 -0.00118
vn -0.23898 -0.96992 -0.04623
vn 0.25917 -0.96430 -0.05429
vn 0.00000 -0.76364 0.64564
vn -0.97108 0.17154 0.16608
vn -0.92172 -0.33643 0.19300
vn -0.97765 0.20957 0.01702
vn -0.70735 -0.70687 0.00000
vn -0.69304 -0.69256 0.20015
vn -0.86526 0.50118 0.01190
vn -0.77421 0.61912 0.13145
vn -0.70680 0.70741 0.00000
vn -0.65830 0.75275 0.00412
vn -0.25895 0.96589 0.00000
vn -0.25884 0.96591 -0.00345
vn 0.25862 0.96598 0.00000
vn 0.25862 0.96596 -0.00670
vn 0.70687 0.70735 0.00000
vn 0.70690 0.70723 -0.01088
vn 0.96587 0.25894 -0.00671
vn 0.96589 0.25895 0.00000
vn 0.96594 -0.25873 -0.00345
vn 0.96598 -0.25862 0.00000
vn 0.75269 -0.65836 0.00411
vn 0.70737 -0.70684 0.00000
vn 0.50084 -0.86546 0.01187
vn 0.61895 -0.77433 0.13159
vn 0.17133 -0.97112 0.16607
vn 0.20974 -0.97761 0.01701
vn -0.33674 -0.92159 0.19306
vn 0.93531 -0.34151 0.09259
vn 0.98325 0.17191 0.06049
vn 0.70602 0.70669 0.04607
vn 0.17169 0.98329 0.06050
vn -0.34156 0.93529 0.09256
vn 0.85278 0.49433 0.16852
vn 0.48152 0.83166 0.27655
vn 0.00453 0.97566 0.21925
vn 0.78630 0.45401 0.41906
vn 0.84294 -0.34986 0.40872
vn 0.83419 -0.47151 0.28602
vn 0.95384 0.25828 0.15322
vn 0.95996 -0.20202 0.19407
vn 0.95942 0.25805 0.11368
vn 0.95167 -0.25402 0.17265
vn 0.68642 -0.68284 0.25011
vn 0.24784 -0.91328 0.32326
vn -0.23843 -0.89644 0.37356
vn -0.65085 -0.65070 0.39114
vn -0.64439 -0.64524 0.41040
vn -0.23311 -0.88433 0.40449
vn -0.77177 -0.44173 0.45744
vn 0.00749 -0.90857 0.41766
vn -0.74932 -0.42855 0.50485
vn 0.11239 -0.86452 0.48988
vn 0.68026 -0.67509 0.28547
vn 0.29401 -0.89279 0.34131
vn -0.70887 0.54298 0.45020
vn -0.80290 0.47595 0.35890
vn -0.90121 0.24722 0.35595
vn -0.89978 -0.18921 0.39319
vn -0.89636 -0.23896 0.37342
vn -0.91335 0.24796 0.32297
vn -0.68218 0.68718 0.24984
vn -0.25293 0.95198 0.17250
vn 0.25738 0.95960 0.11366
vn 0.70331 0.70494 0.09175
vn 0.66105 0.73730 0.13930
vn 0.30726 0.94146 0.13874
vn -0.24936 0.94535 0.21006
vn -0.64060 0.71945 0.26837
vn 0.70684 -0.70642 0.03667
vn 0.70691 -0.70716 0.01411
vn -0.70688 0.70638 0.03671
vn -0.70693 0.70714 0.01415
vn 0.70078 0.70079 -0.13340
vn 0.25591 0.95500 -0.14995
vn 0.69957 0.69939 -0.14651
vn 0.22798 0.96513 -0.12862
vn 0.70532 0.70537 -0.07055
vn 0.25918 0.96431 -0.05408
vn -0.23897 0.96993 -0.04602
vn -0.61705 0.78675 -0.01668
vn -0.70679 0.70742 -0.00118
vn -0.68297 0.72595 -0.08092
vn -0.53162 0.83891 -0.11668
vn -0.52789 0.83011 -0.17959
vn -0.22142 0.96577 -0.13516
vn -0.24695 0.95587 -0.15913
vn 0.95504 0.25511 -0.15104
vn 0.96525 0.22759 -0.12847
vn 0.95478 -0.24991 -0.16106
vn 0.96558 -0.22258 -0.13461
vn 0.82689 -0.53197 -0.18237
vn 0.83727 -0.53453 -0.11513
vn 0.72223 -0.68696 -0.08046
vn 0.78590 -0.61816 -0.01534
vn 0.70711 -0.70711 -0.00158
vn 0.96999 -0.23915 -0.04394
vn 0.96435 0.25930 -0.05283
vn -0.66105 0.38132 0.64623
vn 1.00000 0.00000 0.00000
vn -0.89461 0.00000 -0.44686
vn -0.94766 0.00000 -0.31927
vn -0.99804 0.00000 -0.06265
vn -0.99783 0.00000 0.06591
vn -0.92449 0.00000 0.38120
vn -0.92449 0.00000 0.38120
vn -0.89460 0.00000 -0.44687
vn -0.94766 0.00000 -0.31927
vn -0.99804 0.00000 -0.06264
vn -0.99782 0.00000 0.06592
vn -0.92449 0.00000 0.38120
vn -0.19598 0.00000 -0.98061
vn -0.13037 0.00000 0.99147
vn -0.26074 0.00000 0.96541
vn -0.19600 0.00000 -0.98060
vn -0.19600 -0.00000 -0.98060
vn -0.13037 0.00000 0.99147
vn -0.26073 0.00000 0.96541
vn 0.94766 0.00000 -0.31927
vn 0.89461 0.00000 -0.44686
vn 0.99783 0.00000 0.06591
vn 0.99804 0.00000 -0.06265
vn 0.92449 0.00000 0.38120
vn 0.92449 0.00000 0.38120
vn 0.94766 0.00000 -0.31927
vn 0.89460 0.00000 -0.44687
vn 0.99782 0.00000 0.06592
vn 0.99804 0.00000 -0.06264
vn 0.92449 0.00000 0.38120
vn 0.19598 0.00000 -0.98061
vn 0.26074 0.00000 0.96541
vn 0.13037 0.00000 0.99147
vn 0.19600 0.00000 -0.98060
vn 0.19600 0.00000 -0.98060
vn 0.26073 0.00000 0.96541
vn 0.13037 0.00000 0.99147
vn 0.45129 0.47662 0.75444
vn 0.47305 0.32358 0.81946
vn -0.45130 0.47662 0.75443
vn -0.16358 0.95020 0.26527
vn -0.47306 0.32358 0.81945
vn 0.16358 0.95020 0.26527
vn -0.40224 0.50095 -0.76632
vn 0.40223 0.50095 -0.76633
vn 0.63125 0.20410 -0.74824
vn 0.90312 0.11300 -0.41426
vn -0.90312 0.11299 -0.41425
vn -0.63126 0.20410 -0.74823
vn -0.61341 0.30832 -0.72709
vn 0.83126 0.23377 0.50434
vn 0.88210 0.28679 -0.37370
vn -0.83127 0.23377 0.50433
vn -0.88210 0.28679 -0.37369
vn -0.63753 0.31771 0.70187
vn 0.62657 0.39661 0.67090
vn 0.63752 0.31772 0.70188
vn -0.58587 0.53980 0.60447
vn 0.55620 0.50595 -0.65928
vn -0.55621 0.50595 -0.65928
vn 0.90631 0.42261 0.00000
vn 0.90631 0.42261 0.00000
vn 0.90631 0.42261 0.00000
vn 0.54576 0.19773 -0.81428
vn -0.43691 -0.37085 0.81950
vn -0.78193 -0.27168 0.56105
vn -0.99461 -0.03637 0.09706
vn -0.99883 0.04441 -0.01927
vn -0.25020 -0.58682 -0.77009
vn -0.19579 -0.54409 -0.81586
vn -0.00104 -0.99985 -0.01743
vn -0.04470 -0.99882 -0.01916
vn -0.99461 0.03647 0.09705
vn -0.78192 0.27168 0.56106
vn -0.99883 -0.04441 -0.01927
vn -0.25020 0.58682 -0.77009
vn -0.19578 0.54408 -0.81587
vn -0.43690 0.37085 0.81950
vn -0.72573 -0.00623 0.68795
vn -0.56611 -0.12119 0.81537
vn -0.70817 -0.70604 0.00027
vn -0.70819 -0.70602 -0.00045
vn -0.70840 -0.70581 0.00040
vn -0.70859 -0.70562 0.00000
vn -0.70846 -0.70575 -0.00045
vn -0.70870 -0.70551 0.00000
vn 0.70666 0.70756 0.00089
vn 0.70710 0.70711 0.00000
vn 0.70603 0.70818 0.00040
vn -0.70809 0.70612 -0.00063
vn -0.70807 0.70614 0.00086
vn -0.70755 0.70666 0.00086
vn -0.88961 -0.23597 0.39105
vn 0.04416 -0.74701 0.66334
vn 0.15425 -0.59219 0.79090
vn 0.70711 -0.70711 -0.00000
vn 0.70722 -0.70699 -0.00139
vn -0.03726 -0.52375 -0.85106
vn -0.49786 -0.05436 -0.86555
vn -0.54576 -0.19773 -0.81428
vn 0.43690 0.37085 0.81950
vn 0.78192 0.27168 0.56106
vn 0.99461 0.03647 0.09705
vn 0.99883 -0.04441 -0.01927
vn 0.25020 0.58682 -0.77009
vn 0.19578 0.54408 -0.81587
vn 0.00105 0.99985 -0.01743
vn 0.04471 0.99882 -0.01917
vn 0.99461 -0.03637 0.09706
vn 0.78193 -0.27168 0.56105
vn 0.99883 0.04441 -0.01927
vn 0.25020 -0.58682 -0.77009
vn 0.19579 -0.54409 -0.81586
vn 0.43691 -0.37085 0.81950
vn 0.01529 0.74316 -0.66894
vn 0.70817 -0.70604 0.00027
vn 0.70819 -0.70602 -0.00045
vn 0.70846 -0.70575 -0.00045
vn 0.70870 -0.70551 0.00000
vn 0.89019 0.23522 0.39018
vn -0.04302 0.74675 0.66371
vn -0.15249 0.58966 0.79312
vn -0.70666 0.70756 0.00089
vn -0.70710 0.70711 0.00000
vn -0.70603 0.70818 0.00040
vn 0.01280 -0.74291 -0.66927
vn 0.72480 0.00501 0.68894
vn 0.56874 0.12048 0.81364
vn 0.70809 0.70612 -0.00063
vn 0.70807 0.70614 0.00086
vn 0.70755 0.70667 -0.00094
vn 0.70711 0.70711 0.00000
vn 0.70755 0.70666 0.00086
vn 0.70711 0.70711 0.00000
vn -0.70711 -0.70711 -0.00000
vn -0.70711 -0.70711 0.00000
vn -0.70722 -0.70699 -0.00139
vn -0.44327 0.89639 0.00000
vn -0.75242 0.65869 0.00000
vn -0.94715 0.32080 0.00000
vn -0.99781 -0.06608 0.00000
vn -0.89652 -0.44300 0.00000
vn -0.65868 -0.75242 0.00000
vn -0.32063 -0.94720 0.00000
vn 0.06613 -0.99781 0.00000
vn 0.44286 -0.89659 0.00000
vn 0.75227 -0.65885 0.00000
vn 0.94718 -0.32070 0.00000
vn 0.99780 0.06624 0.00000
vn 0.89650 0.44304 0.00000
vn 0.65903 0.75212 0.00000
vn 0.32084 0.94713 0.00000
vn -0.06613 0.99781 0.00000
vn -0.69283 0.46206 0.55361
vn 0.71976 0.48024 0.50132
vn -0.99781 0.06616 0.00008
vn -0.89654 0.44297 0.00009
vn -0.65879 0.75233 0.00010
vn -0.32084 0.94713 0.00011
vn 0.06621 0.99781 0.00011
vn 0.44289 0.89657 0.00010
vn 0.75249 0.65861 0.00008
vn 0.94717 0.32074 0.00009
vn 0.99780 -0.06625 0.00008
vn 0.89652 -0.44300 0.00009
vn 0.65888 -0.75225 0.00010
vn 0.32046 -0.94726 0.00009
vn -0.06599 -0.99782 0.00010
vn -0.94719 -0.32067 0.00008
vn -0.75225 -0.65888 0.00010
vn -0.44300 -0.89652 0.00009
vn 0.85676 0.21120 -0.47049
vn 0.95022 -0.01405 -0.31125
vn 0.55703 0.31971 0.76649
vn 0.54569 0.31442 0.77676
vn 0.54048 0.28947 0.78999
vn 0.61591 0.39436 0.68201
vn 0.49255 0.46658 -0.73464
vn 0.50999 0.46348 -0.72464
vn 0.91899 -0.37518 0.12126
vn 0.37330 0.91978 0.12103
vn -0.92543 0.37016 0.08101
vn -0.92848 0.37138 0.00000
vn -0.92159 0.36862 0.12161
vn 0.89859 -0.36686 0.24073
vn -0.90102 0.36039 0.24142
vn -0.36221 -0.90017 0.24188
vn 0.50945 -0.46313 -0.72524
vn 0.85654 -0.21054 -0.47118
vn 0.95022 0.01405 -0.31125
vn 0.54569 -0.31442 0.77676
vn 0.55703 -0.31972 0.76648
vn 0.54048 -0.28947 0.78999
vn 0.61556 -0.39372 0.68270
vn 0.49199 -0.46589 -0.73545
vn 0.91898 0.37519 0.12126
vn 0.37331 -0.91978 0.12102
vn -0.92772 -0.37327 0.00000
vn -0.92466 -0.37204 0.08116
vn -0.92081 -0.37049 0.12185
vn -0.92772 -0.37327 0.00000
vn 0.89859 0.36687 0.24073
vn -0.90017 -0.36219 0.24188
vn -0.36687 0.89858 0.24073
vn -0.50999 0.46348 -0.72464
vn -0.85676 0.21120 -0.47049
vn -0.95022 -0.01405 -0.31125
vn -0.54569 0.31442 0.77676
vn -0.55703 0.31971 0.76649
vn -0.54048 0.28947 0.78999
vn -0.61591 0.39436 0.68201
vn -0.49255 0.46658 -0.73464
vn -0.91899 -0.37518 0.12126
vn 0.92543 0.37016 0.08101
vn -0.37484 0.92358 0.08062
vn -0.37606 0.92659 0.00000
vn -0.37330 0.91978 0.12103
vn -0.89859 -0.36686 0.24073
vn 0.90102 0.36039 0.24142
vn 0.36221 -0.90017 0.24188
vn -0.85654 -0.21054 -0.47118
vn -0.95022 0.01405 -0.31125
vn -0.55703 -0.31972 0.76648
vn -0.54569 -0.31442 0.77676
vn -0.54048 -0.28947 0.78999
vn -0.61556 -0.39372 0.68270
vn -0.49199 -0.46589 -0.73545
vn -0.50945 -0.46313 -0.72524
vn -0.91898 0.37519 0.12126
vn -0.37331 -0.91978 0.12102
vn 0.92772 -0.37327 0.00000
vn 0.92466 -0.37204 0.08116
vn 0.92772 -0.37327 0.00000
vn 0.92081 -0.37049 0.12185
vn -0.89859 0.36687 0.24073
vn 0.90017 -0.36219 0.24188
vn 0.36687 0.89858 0.24073
vn 0.45708 -0.78774 0.41296
vn -0.70651 0.70652 0.04094
vn 0.70651 -0.70652 0.04094
vn -0.00000 0.76366 0.64562
vn -0.66105 -0.38131 0.64623
vn 0.64457 0.64515 -0.41026
vn 0.63435 0.63442 -0.44172
vn 0.63427 0.63428 -0.44203
vn 0.64436 0.64550 -0.41004
vn 0.61810 0.61754 -0.48641
vn 0.61255 0.61199 -0.50025
vn 0.60651 0.60623 -0.51442
vn 0.60620 0.60620 -0.51484
vn 0.60606 0.60606 -0.51514
vn 0.45708 0.78774 0.41296
vn 0.70652 0.70652 0.04087
vn -0.70715 -0.70588 0.04087
vn -0.65999 -0.37975 0.64823
vn 0.65998 -0.37976 0.64824
vn 0.63431 -0.63452 -0.44162
vn 0.64463 -0.64504 -0.41032
vn 0.63439 -0.63439 -0.44170
vn 0.64448 -0.64530 -0.41016
vn 0.61792 -0.61792 -0.48617
vn 0.61244 -0.61244 -0.49983
vn 0.60657 -0.60657 -0.51395
vn 0.60644 -0.60644 -0.51425
vn 0.60607 -0.60607 -0.51513
vn -0.45708 -0.78774 0.41296
vn -0.70651 -0.70652 0.04094
vn 0.70651 0.70652 0.04094
vn 0.65800 0.38318 0.64824
vn -0.65799 0.38318 0.64825
vn -0.64457 0.64515 -0.41026
vn -0.63435 0.63442 -0.44172
vn -0.64436 0.64550 -0.41004
vn -0.63427 0.63428 -0.44203
vn -0.61810 0.61754 -0.48641
vn -0.61255 0.61199 -0.50025
vn -0.60651 0.60623 -0.51442
vn -0.60620 0.60620 -0.51484
vn -0.60606 0.60606 -0.51514
vn -0.45708 0.78774 0.41296
vn 0.70715 -0.70588 0.04087
vn -0.70652 0.70652 0.04087
vn 0.00000 -0.76024 0.64964
vn 0.66105 0.38132 0.64622
vn -0.63431 -0.63452 -0.44162
vn -0.64463 -0.64504 -0.41032
vn -0.64448 -0.64530 -0.41016
vn -0.63439 -0.63439 -0.44170
vn -0.61792 -0.61792 -0.48617
vn -0.61244 -0.61244 -0.49983
vn -0.60657 -0.60657 -0.51395
vn -0.60644 -0.60644 -0.51425
vn -0.60607 -0.60607 -0.51513
vn -0.90631 0.42261 0.00000
vn -0.90631 0.42261 0.00000
vn -0.90631 0.42261 0.00000
# 1303 normal vertices

g vehicle#twin_pylon_001_169_2
usemtl 939ad3eb-60d4-44ee-8ac4-38606db
f 3/3/3 4/2/3 5/1/3
f 16/1/9 15/2/9 14/3/9
f 25/3/3 26/2/14 27/1/3
f 38/1/9 37/2/11 36/3/9
f 48/2/3 47/3/3 49/1/3
f 59/2/9 60/1/9 58/3/9
f 70/2/14 69/3/3 71/1/3
f 81/2/11 82/1/9 80/3/9
f 16/1/1009 17/4/10 6/4/4
f 5/1/1010 16/1/1009 6/4/4
f 15/2/1011 16/1/1009 5/1/1010
f 4/2/1012 15/2/1011 5/1/1010
f 14/3/1013 15/2/1011 4/2/1012
f 3/3/1014 14/3/1013 4/2/1012
f 14/3/1013 3/3/1014 2/5/2
f 13/5/2 14/3/1013 2/5/2
f 38/1/1015 39/4/21 28/4/15
f 27/1/1016 38/1/1015 28/4/15
f 37/2/1017 38/1/1015 27/1/1016
f 26/2/1018 37/2/1017 27/1/1016
f 36/3/1019 37/2/1017 26/2/1018
f 25/3/1019 36/3/1019 26/2/1018
f 36/3/1019 25/3/1019 24/5/13
f 35/5/20 36/3/1019 24/5/13
f 8/8/5 11/7/8 10/6/7
f 9/9/6 8/8/5 10/6/7
f 20/9/9 21/6/9 22/7/9
f 19/8/11 20/9/9 22/7/9
f 11/7/8 1/11/1 7/10/1
f 10/6/7 11/7/8 7/10/1
f 21/6/9 18/10/9 12/11/9
f 22/7/9 21/6/9 12/11/9
f 21/6/41 10/6/41 7/10/1020
f 18/10/1020 21/6/41 7/10/1020
f 1/11/1021 11/7/39 22/7/39
f 12/11/1022 1/11/1021 22/7/39
f 7/10/1 1/11/1 2/5/3
f 6/4/3 7/10/1 2/5/3
f 18/10/9 17/4/9 13/5/9
f 12/11/9 18/10/9 13/5/9
f 7/10/1020 6/4/4 17/4/10
f 18/10/1020 7/10/1020 17/4/10
f 2/5/2 1/11/1021 12/11/1022
f 13/5/2 2/5/2 12/11/1022
f 30/8/17 33/7/19 32/6/18
f 31/9/17 30/8/17 32/6/18
f 42/9/9 43/6/9 44/7/9
f 41/8/9 42/9/9 44/7/9
f 33/7/19 23/11/12 29/10/16
f 32/6/18 33/7/19 29/10/16
f 43/6/9 40/10/9 34/11/9
f 44/7/9 43/6/9 34/11/9
f 43/6/41 32/6/41 29/10/1023
f 40/10/1024 43/6/41 29/10/1023
f 23/11/1025 33/7/39 44/7/39
f 34/11/1026 23/11/1025 44/7/39
f 28/4/3 29/10/16 23/11/12
f 24/5/3 28/4/3 23/11/12
f 34/11/9 40/10/9 39/4/9
f 35/5/9 34/11/9 39/4/9
f 29/10/1023 28/4/15 39/4/21
f 40/10/1024 29/10/1023 39/4/21
f 24/5/13 23/11/1025 34/11/1026
f 35/5/20 24/5/13 34/11/1026
f 3/3/3 5/1/3 6/4/3
f 2/5/3 3/3/3 6/4/3
f 17/4/9 16/1/9 14/3/9
f 13/5/9 17/4/9 14/3/9
f 25/3/3 27/1/3 28/4/3
f 24/5/3 25/3/3 28/4/3
f 39/4/9 38/1/9 36/3/9
f 35/5/9 39/4/9 36/3/9
f 20/9/41 9/9/41 10/6/41
f 21/6/41 20/9/41 10/6/41
f 11/7/39 8/8/39 19/8/39
f 22/7/39 11/7/39 19/8/39
f 42/9/41 31/9/41 32/6/41
f 43/6/41 42/9/41 32/6/41
f 33/7/39 30/8/39 41/8/39
f 44/7/39 33/7/39 41/8/39
f 60/1/1028 49/1/1027 50/4/24
f 61/4/29 60/1/1028 50/4/24
f 59/2/1030 48/2/1029 49/1/1027
f 60/1/1028 59/2/1030 49/1/1027
f 58/3/1032 47/3/1031 48/2/1029
f 59/2/1030 58/3/1032 48/2/1029
f 58/3/1032 57/5/23 46/5/23
f 47/3/1031 58/3/1032 46/5/23
f 82/1/1034 71/1/1033 72/4/32
f 83/4/38 82/1/1034 72/4/32
f 81/2/1036 70/2/1035 71/1/1033
f 82/1/1034 81/2/1036 71/1/1033
f 80/3/1037 69/3/1037 70/2/1035
f 81/2/1036 80/3/1037 70/2/1035
f 80/3/1037 79/5/37 68/5/31
f 69/3/1037 80/3/1037 68/5/31
f 52/8/25 53/9/26 54/6/27
f 55/7/28 52/8/25 54/6/27
f 64/9/9 63/8/11 66/7/9
f 65/6/9 64/9/9 66/7/9
f 55/7/28 54/6/27 51/10/22
f 45/11/22 55/7/28 51/10/22
f 65/6/9 66/7/9 56/11/9
f 62/10/9 65/6/9 56/11/9
f 65/6/41 62/10/1038 51/10/1038
f 54/6/41 65/6/41 51/10/1038
f 45/11/1040 56/11/1039 66/7/39
f 55/7/39 45/11/1040 66/7/39
f 51/10/22 50/4/3 46/5/3
f 45/11/22 51/10/22 46/5/3
f 62/10/9 56/11/9 57/5/9
f 61/4/9 62/10/9 57/5/9
f 51/10/1038 62/10/1038 61/4/29
f 50/4/24 51/10/1038 61/4/29
f 46/5/23 57/5/23 56/11/1039
f 45/11/1040 46/5/23 56/11/1039
f 74/8/34 75/9/34 76/6/35
f 77/7/36 74/8/34 76/6/35
f 86/9/9 85/8/9 88/7/9
f 87/6/9 86/9/9 88/7/9
f 77/7/36 76/6/35 73/10/33
f 67/11/30 77/7/36 73/10/33
f 87/6/9 88/7/9 78/11/9
f 84/10/9 87/6/9 78/11/9
f 87/6/41 84/10/1042 73/10/1041
f 76/6/41 87/6/41 73/10/1041
f 67/11/1044 78/11/1043 88/7/39
f 77/7/39 67/11/1044 88/7/39
f 67/11/30 73/10/33 72/4/3
f 68/5/3 67/11/30 72/4/3
f 83/4/9 84/10/9 78/11/9
f 79/5/9 83/4/9 78/11/9
f 73/10/1041 84/10/1042 83/4/38
f 72/4/32 73/10/1041 83/4/38
f 68/5/31 79/5/37 78/11/1043
f 67/11/1044 68/5/31 78/11/1043
f 47/3/3 46/5/3 50/4/3
f 49/1/3 47/3/3 50/4/3
f 61/4/9 57/5/9 58/3/9
f 60/1/9 61/4/9 58/3/9
f 69/3/3 68/5/3 72/4/3
f 71/1/3 69/3/3 72/4/3
f 83/4/9 79/5/9 80/3/9
f 82/1/9 83/4/9 80/3/9
f 64/9/41 65/6/41 54/6/41
f 53/9/41 64/9/41 54/6/41
f 55/7/39 66/7/39 63/8/39
f 52/8/39 55/7/39 63/8/39
f 86/9/41 87/6/41 76/6/41
f 75/9/41 86/9/41 76/6/41
f 77/7/39 88/7/39 85/8/39
f 74/8/39 77/7/39 85/8/39
f 92/14/39 91/13/39 89/12/39
f 90/15/39 92/14/39 89/12/39
f 94/14/40 93/13/40 91/12/40
f 92/15/40 94/14/40 91/12/40
f 96/14/41 95/13/41 93/12/41
f 94/15/41 96/14/41 93/12/41
f 90/14/44 89/13/44 95/12/44
f 96/15/44 90/14/44 95/12/44
f 91/14/9 93/13/9 95/12/9
f 89/15/9 91/14/9 95/12/9
f 94/14/3 92/13/3 90/12/3
f 96/15/3 94/14/3 90/12/3
f 100/14/41 98/15/41 97/12/41
f 99/13/41 100/14/41 97/12/41
f 102/14/40 100/15/40 99/12/40
f 101/13/40 102/14/40 99/12/40
f 104/14/39 102/15/39 101/12/39
f 103/13/39 104/14/39 101/12/39
f 98/14/44 104/15/44 103/12/44
f 97/13/44 98/14/44 103/12/44
f 99/14/9 97/15/9 103/12/9
f 101/13/9 99/14/9 103/12/9
f 102/14/3 104/15/3 98/12/3
f 100/13/3 102/14/3 98/12/3
f 111/18/47 113/17/48 114/16/49
f 110/19/46 111/18/47 114/16/49
f 114/16/49 119/17/51 117/18/50
f 110/19/46 114/16/49 117/18/50
f 120/21/44 113/16/44 111/20/44
f 112/22/44 120/21/44 111/20/44
f 113/16/44 120/21/44 108/23/44
f 107/24/44 113/16/44 108/23/44
f 117/20/40 119/16/40 121/21/40
f 118/22/40 117/20/40 121/21/40
f 119/16/40 115/24/40 116/23/40
f 121/21/40 119/16/40 116/23/40
f 118/22/1046 121/21/1045 122/25/52
f 109/26/45 118/22/1046 122/25/52
f 120/21/1047 122/25/52 105/27/42
f 108/23/1048 120/21/1047 105/27/42
f 122/25/52 120/21/1047 112/22/1049
f 109/26/45 122/25/52 112/22/1049
f 105/27/42 122/25/52 121/21/1045
f 116/23/1050 105/27/42 121/21/1045
f 106/24/43 114/16/49 113/17/48
f 107/28/1051 106/24/43 113/17/48
f 119/17/51 114/16/49 106/24/43
f 115/28/1052 119/17/51 106/24/43
f 108/31/1048 105/30/42 106/29/43
f 107/32/9 108/31/1048 106/29/43
f 106/29/43 105/30/42 116/31/1050
f 115/32/9 106/29/43 116/31/1050
f 110/29/3 109/30/3 112/31/3
f 111/32/3 110/29/3 112/31/3
f 110/29/3 117/32/3 118/31/3
f 109/30/3 110/29/3 118/31/3
f 126/35/54 125/34/9 124/33/9
f 123/36/53 126/35/54 124/33/9
f 128/33/3 129/34/3 130/35/3
f 127/36/3 128/33/3 130/35/3
f 129/39/1054 128/38/1053 132/37/56
f 131/40/55 129/39/1054 132/37/56
f 124/33/9 133/34/9 134/35/57
f 123/36/53 124/33/9 134/35/57
f 128/33/3 127/36/3 136/35/3
f 135/34/3 128/33/3 136/35/3
f 132/37/1057 128/38/1056 135/39/1055
f 137/40/58 132/37/1057 135/39/1055
f 138/43/59 130/42/1058 129/41/1054
f 131/37/55 138/43/59 129/41/1054
f 126/44/40 138/43/59 131/37/55
f 125/45/1059 126/44/40 131/37/55
f 139/43/60 137/37/58 135/41/1055
f 136/42/1060 139/43/60 135/41/1055
f 137/37/58 139/43/60 134/44/44
f 133/45/1061 137/37/58 134/44/44
f 136/48/1060 127/47/1062 140/46/61
f 139/49/60 136/48/1060 140/46/61
f 138/49/59 126/51/54 123/50/53
f 140/46/1063 138/49/59 123/50/53
f 140/46/1063 127/47/1064 130/48/1058
f 138/49/59 140/46/1063 130/48/1058
f 123/50/1065 134/51/57 139/49/60
f 140/46/61 123/50/1065 139/49/60
f 124/53/1066 125/52/1059 131/40/55
f 132/37/56 124/53/1066 131/40/55
f 137/40/58 133/52/1061 124/53/1067
f 132/37/1057 137/40/58 124/53/1067
g model_1_0
f 143/56/39 142/55/39 141/54/39
f 144/57/39 141/54/39 142/55/39
f 143/56/39 145/58/39 142/55/39
f 146/59/39 142/55/39 145/58/39
f 144/62/62 142/61/44 147/60/44
f 148/63/62 147/60/44 142/61/44
f 147/66/41 148/65/41 149/64/41
f 150/67/41 149/64/41 148/65/41
f 150/67/41 148/65/41 151/68/41
f 152/69/41 151/68/41 148/65/41
f 149/72/1068 150/71/1068 141/70/1068
f 143/73/1068 141/70/1068 150/71/1068
f 146/76/44 145/75/44 152/74/44
f 151/77/44 152/74/44 145/75/44
f 142/80/3 146/79/3 148/78/3
f 152/81/3 148/78/3 146/79/3
f 150/84/9 151/83/9 143/82/9
f 145/85/9 143/82/9 151/83/9
f 155/88/39 154/87/39 153/86/39
f 156/89/39 153/86/39 154/87/39
f 155/88/39 157/90/39 154/87/39
f 158/91/39 154/87/39 157/90/39
f 156/94/62 154/93/44 159/92/44
f 160/95/62 159/92/44 154/93/44
f 159/98/41 160/97/41 161/96/41
f 162/99/41 161/96/41 160/97/41
f 162/99/41 160/97/41 163/100/41
f 164/101/41 163/100/41 160/97/41
f 161/104/1070 162/103/1069 153/102/1069
f 155/105/1070 153/102/1069 162/103/1069
f 158/108/44 157/107/44 164/106/44
f 163/109/44 164/106/44 157/107/44
f 154/112/3 158/111/3 160/110/3
f 164/113/3 160/110/3 158/111/3
f 162/116/9 163/115/9 155/114/9
f 157/117/9 155/114/9 163/115/9
f 167/120/65 166/119/64 165/118/63
f 168/121/66 165/118/63 166/119/64
f 168/121/66 166/119/64 169/122/67
f 169/122/67 166/119/64 170/123/68
f 171/124/69 170/123/68 166/119/64
f 166/119/64 167/120/65 171/124/69
f 172/125/70 171/124/69 167/120/65
f 172/125/1071 167/120/71 173/126/71
f 165/118/63 173/126/71 167/120/71
f 168/121/66 169/122/67 174/127/72
f 170/128/68 174/127/72 169/122/67
f 177/131/75 176/130/74 175/129/73
f 176/130/74 174/132/1072 175/129/73
f 170/133/1073 175/129/73 174/132/1072
f 176/130/74 177/131/75 178/134/76
f 178/134/76 177/131/75 179/135/77
f 177/131/75 171/136/1074 179/135/77
f 172/137/1075 179/135/77 171/136/1074
f 172/137/1077 173/138/1076 179/135/1076
f 178/134/76 179/135/1076 173/138/1076
f 177/131/75 175/129/73 171/136/1074
f 170/139/1073 171/136/1074 175/129/73
f 182/142/80 181/141/79 180/140/78
f 180/140/78 181/141/79 183/143/81
f 184/144/82 183/143/81 181/141/79
f 184/144/1079 181/141/1078 185/145/83
f 182/142/80 185/145/83 181/141/1078
f 185/145/83 182/142/80 186/146/84
f 187/147/85 186/146/84 182/142/80
f 182/142/80 188/148/86 187/147/85
f 188/148/86 189/149/87 187/147/85
f 186/150/84 187/147/85 189/149/87
f 180/140/78 188/148/86 182/142/80
f 192/153/90 191/152/89 190/151/88
f 191/152/89 185/154/1080 190/151/88
f 186/155/1081 190/151/88 185/154/1080
f 191/152/89 193/156/91 185/154/1080
f 184/157/1082 185/154/1080 193/156/91
f 184/157/1084 193/156/1083 183/158/1083
f 194/159/92 183/158/1083 193/156/1083
f 191/152/89 194/159/92 193/156/91
f 191/152/89 192/153/90 194/159/92
f 192/153/90 190/151/88 189/160/1085
f 186/161/1081 189/160/1085 190/151/88
f 197/164/95 196/163/94 195/162/93
f 198/165/96 195/162/93 196/163/94
f 198/165/96 199/166/97 195/162/93
f 200/167/98 195/162/93 199/166/97
f 195/162/93 200/167/98 201/168/99
f 202/169/100 201/168/99 200/167/98
f 195/162/93 201/168/99 197/164/95
f 203/170/101 197/164/95 201/168/99
f 199/166/97 198/165/96 204/171/102
f 205/172/103 204/171/102 198/165/96
f 204/171/102 205/172/103 206/173/104
f 207/174/105 206/173/104 205/172/103
f 206/173/104 207/174/105 208/175/106
f 209/176/107 208/175/106 207/174/105
f 209/176/1087 207/174/1086 210/177/108
f 211/178/109 210/177/108 207/174/1086
f 207/174/1086 205/172/103 211/178/109
f 212/179/110 211/178/109 205/172/103
f 212/179/110 205/172/103 196/163/94
f 198/165/96 196/163/94 205/172/103
f 196/163/1089 213/180/111 212/179/1088
f 214/181/112 212/179/1088 213/180/111
f 212/179/1088 214/181/112 211/182/1090
f 210/183/1091 211/182/1090 214/181/112
f 196/163/1089 197/184/1092 213/180/111
f 203/185/1093 213/180/111 197/184/1092
f 199/166/97 215/187/113 200/186/1094
f 202/188/1095 200/186/1094 215/187/113
f 215/187/113 199/166/97 216/189/114
f 204/171/1096 216/189/114 199/166/97
f 204/171/1096 206/190/104 216/189/114
f 208/191/106 216/189/114 206/190/104
f 219/194/117 218/193/116 217/192/115
f 220/195/118 217/192/115 218/193/116
f 220/195/118 221/196/119 217/192/115
f 222/197/120 217/192/115 221/196/119
f 217/192/1098 222/197/1097 223/198/121
f 224/199/122 223/198/121 222/197/1097
f 222/197/1097 225/200/123 224/199/122
f 226/201/124 224/199/122 225/200/123
f 217/192/1098 223/198/121 219/202/1099
f 227/203/125 219/202/1099 223/198/121
f 222/197/120 221/196/119 225/204/1100
f 228/205/126 225/204/1100 221/196/119
f 225/204/123 228/205/126 226/206/124
f 229/207/127 226/206/124 228/205/126
f 229/207/1102 228/205/1101 230/208/128
f 231/209/129 230/208/128 228/205/1101
f 228/205/1101 221/196/119 231/209/129
f 232/210/130 231/209/129 221/196/119
f 221/196/119 220/195/118 232/210/130
f 233/211/131 232/210/130 220/195/118
f 232/210/1104 233/211/1103 234/212/132
f 235/213/133 234/212/132 233/211/1103
f 233/211/1103 236/214/134 235/213/133
f 237/215/135 235/213/133 236/214/134
f 232/210/1104 234/212/132 231/216/129
f 230/217/128 231/216/129 234/212/132
f 220/195/118 218/193/116 233/211/131
f 236/218/134 233/211/131 218/193/116
f 218/193/116 238/219/136 236/218/134
f 237/220/1105 236/218/134 238/219/136
f 218/193/116 219/194/117 238/219/136
f 227/221/1106 238/219/136 219/194/117
f 241/224/139 240/223/138 239/222/137
f 242/225/140 239/222/137 240/223/138
f 242/225/140 240/223/138 243/226/141
f 243/226/141 240/223/138 244/227/142
f 245/228/143 244/227/142 240/223/138
f 240/223/138 241/224/139 245/228/143
f 246/229/144 245/228/143 241/224/139
f 246/229/1107 241/224/145 247/230/145
f 239/222/137 247/230/145 241/224/145
f 242/225/140 243/226/141 248/231/146
f 244/232/142 248/231/146 243/226/141
f 251/235/149 250/234/148 249/233/147
f 250/234/148 248/236/1108 249/233/147
f 244/237/1109 249/233/147 248/236/1108
f 250/234/148 251/235/149 252/238/150
f 252/238/150 251/235/149 253/239/151
f 251/235/149 245/240/1110 253/239/151
f 246/241/1111 253/239/151 245/240/1110
f 246/241/1113 247/242/1112 253/239/1112
f 252/238/150 253/239/1112 247/242/1112
f 251/235/149 249/233/147 245/240/1110
f 244/243/1109 245/240/1110 249/233/147
f 256/246/154 255/245/153 254/244/152
f 254/244/152 255/245/153 257/247/155
f 258/248/156 257/247/155 255/245/153
f 258/248/1115 255/245/1114 259/249/157
f 256/246/154 259/249/157 255/245/1114
f 259/249/157 256/246/154 260/250/158
f 261/251/159 260/250/158 256/246/154
f 256/246/154 262/252/160 261/251/159
f 262/252/160 263/253/161 261/251/159
f 260/254/158 261/251/159 263/253/161
f 254/244/152 262/252/160 256/246/154
f 266/257/164 265/256/163 264/255/162
f 265/256/163 259/258/1116 264/255/162
f 260/259/1117 264/255/162 259/258/1116
f 265/256/163 267/260/165 259/258/1116
f 258/261/1118 259/258/1116 267/260/165
f 258/261/1120 267/260/1119 257/262/1119
f 268/263/166 257/262/1119 267/260/1119
f 265/256/163 268/263/166 267/260/165
f 265/256/163 266/257/164 268/263/166
f 266/257/164 264/255/162 263/264/1121
f 260/265/1117 263/264/1121 264/255/162
f 271/268/169 270/267/168 269/266/167
f 272/269/170 269/266/167 270/267/168
f 269/266/167 272/269/170 273/270/171
f 274/271/172 273/270/171 272/269/170
f 269/266/1122 273/270/171 275/272/173
f 276/273/174 275/272/173 273/270/171
f 275/272/173 277/274/175 269/266/1122
f 271/268/169 269/266/167 277/274/175
f 277/274/175 278/275/176 271/268/169
f 279/276/177 271/268/169 278/275/176
f 271/268/169 279/276/177 270/267/168
f 280/277/178 270/267/168 279/276/177
f 270/267/1124 280/277/1123 281/278/179
f 282/279/180 281/278/179 280/277/1123
f 280/277/1123 283/280/181 282/279/180
f 284/281/182 282/279/180 283/280/181
f 270/267/1124 281/278/179 272/282/1125
f 274/283/1126 272/282/1125 281/278/179
f 280/277/178 279/276/177 283/284/1127
f 285/285/183 283/284/1127 279/276/177
f 283/284/181 285/285/183 284/286/182
f 286/287/184 284/286/182 285/285/183
f 286/287/1129 285/285/1128 287/288/185
f 288/289/186 287/288/185 285/285/1128
f 285/285/1128 279/276/177 288/289/186
f 278/275/176 288/289/186 279/276/177
f 276/292/1131 289/291/187 275/290/1130
f 277/274/175 275/290/1130 289/291/187
f 289/291/187 290/293/188 277/274/175
f 278/275/1132 277/274/175 290/293/188
f 278/275/1132 290/293/188 288/294/186
f 287/295/185 288/294/186 290/293/188
f 293/298/191 292/297/190 291/296/189
f 294/299/192 291/296/189 292/297/190
f 292/297/190 295/300/193 294/299/192
f 296/301/194 294/299/192 295/300/193
f 292/297/1133 297/302/195 295/300/193
f 298/303/196 295/300/193 297/302/195
f 297/302/195 292/297/1133 299/304/197
f 293/298/191 299/304/197 292/297/190
f 299/304/197 293/298/191 300/305/198
f 301/306/199 300/305/198 293/298/191
f 300/305/198 301/306/199 302/307/200
f 303/308/201 302/307/200 301/306/199
f 302/307/200 303/308/201 304/309/202
f 305/310/203 304/309/202 303/308/201
f 305/310/1135 303/308/1134 306/311/204
f 307/312/205 306/311/204 303/308/1134
f 303/308/1134 301/306/199 307/312/205
f 308/313/206 307/312/205 301/306/199
f 308/313/206 301/306/199 291/296/189
f 293/298/191 291/296/189 301/306/199
f 291/296/1137 309/314/207 308/313/1136
f 310/315/208 308/313/1136 309/314/207
f 308/313/1136 310/315/208 307/316/1138
f 306/317/1139 307/316/1138 310/315/208
f 291/296/1137 294/318/1140 309/314/207
f 296/319/1141 309/314/207 294/318/1140
f 299/304/197 311/321/209 297/320/1142
f 298/322/1143 297/320/1142 311/321/209
f 311/321/209 299/304/197 312/323/210
f 300/305/1144 312/323/210 299/304/197
f 300/305/1144 302/324/200 312/323/210
f 304/325/202 312/323/210 302/324/200
f 315/328/213 314/327/212 313/326/211
f 316/329/214 313/326/211 314/327/212
f 316/329/214 317/330/215 313/326/211
f 318/331/216 313/326/211 317/330/215
f 313/326/211 318/331/216 319/332/217
f 320/333/218 319/332/217 318/331/216
f 320/333/218 321/334/219 319/332/217
f 322/335/220 319/332/217 321/334/219
f 322/335/220 323/336/221 319/332/217
f 324/337/222 319/332/217 323/336/221
f 324/337/222 315/328/213 319/332/217
f 313/326/211 319/332/217 315/328/213
f 315/328/213 324/337/222 325/338/223
f 326/339/224 325/338/223 324/337/222
f 326/339/224 324/337/222 327/340/225
f 323/336/221 327/340/225 324/337/222
f 327/340/225 323/336/221 328/341/226
f 329/342/227 328/341/226 323/336/221
f 330/343/228 328/341/226 329/342/227
f 330/343/228 329/342/227 331/344/229
f 331/344/229 329/342/227 322/335/220
f 323/336/221 322/335/220 329/342/227
f 331/344/229 322/335/220 332/345/230
f 321/334/219 332/345/230 322/335/220
f 330/343/228 331/344/229 332/345/230
f 325/338/223 333/346/231 315/328/213
f 314/327/212 315/328/213 333/346/231
f 334/347/232 314/327/212 333/346/231
f 334/347/232 316/329/214 314/327/212
f 334/347/232 317/330/215 316/329/214
f 337/350/235 336/349/234 335/348/233
f 338/351/236 335/348/233 336/349/234
f 338/351/236 339/352/237 335/348/233
f 340/353/238 335/348/233 339/352/237
f 335/348/233 340/353/238 341/354/239
f 342/355/240 341/354/239 340/353/238
f 342/355/240 343/356/241 341/354/239
f 344/357/242 341/354/239 343/356/241
f 344/357/242 345/358/243 341/354/239
f 346/359/244 341/354/239 345/358/243
f 346/359/244 337/350/235 341/354/239
f 335/348/233 341/354/239 337/350/235
f 337/350/235 346/359/244 347/360/245
f 348/361/246 347/360/245 346/359/244
f 348/361/246 346/359/244 349/362/247
f 345/358/243 349/362/247 346/359/244
f 349/362/247 345/358/243 350/363/248
f 351/364/249 350/363/248 345/358/243
f 352/365/250 350/363/248 351/364/249
f 352/365/250 351/364/249 353/366/251
f 353/366/251 351/364/249 344/357/242
f 345/358/243 344/357/242 351/364/249
f 353/366/251 344/357/242 354/367/252
f 343/356/241 354/367/252 344/357/242
f 352/365/250 353/366/251 354/367/252
f 347/360/245 355/368/253 337/350/235
f 336/349/234 337/350/235 355/368/253
f 356/369/254 336/349/234 355/368/253
f 356/369/254 338/351/236 336/349/234
f 356/369/254 339/352/237 338/351/236
f 359/372/257 358/371/256 357/370/255
f 360/373/258 357/370/255 358/371/256
f 360/373/258 361/374/259 357/370/255
f 357/370/255 361/374/259 362/375/260
f 357/370/255 362/375/260 359/372/257
f 363/376/261 359/372/257 362/375/260
f 359/372/257 363/376/261 364/377/262
f 365/378/263 364/377/262 363/376/261
f 365/378/263 366/379/264 364/377/262
f 367/380/265 364/377/262 366/379/264
f 364/377/262 367/380/265 368/381/266
f 369/382/267 368/381/266 367/380/265
f 369/382/267 370/383/268 368/381/266
f 371/384/269 368/381/266 370/383/268
f 371/384/269 372/385/270 368/381/266
f 358/371/256 368/381/266 372/385/270
f 358/371/256 359/372/257 368/381/266
f 364/377/262 368/381/266 359/372/257
f 372/385/270 373/386/271 358/371/256
f 360/373/258 358/371/256 373/386/271
f 373/386/271 361/374/259 360/373/258
f 370/383/268 369/382/267 374/387/272
f 375/388/273 374/387/272 369/382/267
f 375/388/273 376/389/274 374/387/272
f 377/390/275 376/389/274 375/388/273
f 378/391/276 376/389/274 377/390/275
f 377/390/275 367/380/265 378/391/276
f 366/379/264 378/391/276 367/380/265
f 367/380/265 377/390/275 369/382/267
f 375/388/273 369/382/267 377/390/275
f 381/394/279 380/393/278 379/392/277
f 382/395/280 379/392/277 380/393/278
f 382/395/280 383/396/281 379/392/277
f 379/392/277 383/396/281 384/397/282
f 379/392/277 384/397/282 381/394/279
f 385/398/283 381/394/279 384/397/282
f 381/394/279 385/398/283 386/399/284
f 387/400/285 386/399/284 385/398/283
f 387/400/285 388/401/286 386/399/284
f 389/402/287 386/399/284 388/401/286
f 386/399/284 389/402/287 390/403/288
f 391/404/289 390/403/288 389/402/287
f 391/404/289 392/405/290 390/403/288
f 393/406/291 390/403/288 392/405/290
f 393/406/291 394/407/292 390/403/288
f 380/393/278 390/403/288 394/407/292
f 380/393/278 381/394/279 390/403/288
f 386/399/284 390/403/288 381/394/279
f 394/407/292 395/408/293 380/393/278
f 382/395/280 380/393/278 395/408/293
f 395/408/293 383/396/281 382/395/280
f 392/405/290 391/404/289 396/409/294
f 397/410/295 396/409/294 391/404/289
f 397/410/295 398/411/296 396/409/294
f 399/412/297 398/411/296 397/410/295
f 400/413/298 398/411/296 399/412/297
f 399/412/297 389/402/287 400/413/298
f 388/401/286 400/413/298 389/402/287
f 389/402/287 399/412/297 391/404/289
f 397/410/295 391/404/289 399/412/297
f 403/416/301 402/415/300 401/414/299
f 404/417/302 401/414/299 402/415/300
f 401/414/299 404/417/302 405/418/303
f 406/419/304 405/418/303 404/417/302
f 406/419/304 407/420/305 405/418/303
f 408/421/306 405/418/303 407/420/305
f 408/421/306 409/422/307 405/418/303
f 410/423/308 405/418/303 409/422/307
f 410/423/308 411/424/309 405/418/303
f 401/414/299 405/418/303 411/424/309
f 411/424/309 412/425/310 401/414/299
f 403/416/301 401/414/299 412/425/310
f 412/425/310 413/426/311 403/416/301
f 403/416/301 413/426/311 402/415/300
f 402/415/300 413/426/311 414/427/312
f 402/415/300 414/427/312 404/417/302
f 415/428/313 404/417/302 414/427/312
f 404/417/302 415/428/313 406/419/304
f 416/429/314 406/419/304 415/428/313
f 416/429/314 417/430/315 406/419/304
f 407/420/305 406/419/304 417/430/315
f 417/430/315 418/431/316 407/420/305
f 419/432/317 407/420/305 418/431/316
f 407/420/305 419/432/317 408/421/306
f 420/433/318 408/421/306 419/432/317
f 420/433/318 421/434/319 408/421/306
f 409/422/307 408/421/306 421/434/319
f 420/433/318 422/435/320 421/434/319
f 419/432/317 422/435/320 420/433/318
f 418/431/316 422/435/320 419/432/317
f 425/438/323 424/437/322 423/436/321
f 426/439/324 423/436/321 424/437/322
f 423/436/321 426/439/324 427/440/325
f 428/441/326 427/440/325 426/439/324
f 428/441/326 429/442/327 427/440/325
f 430/443/328 427/440/325 429/442/327
f 430/443/328 431/444/329 427/440/325
f 432/445/330 427/440/325 431/444/329
f 432/445/330 433/446/331 427/440/325
f 423/436/321 427/440/325 433/446/331
f 433/446/331 434/447/332 423/436/321
f 425/438/323 423/436/321 434/447/332
f 434/447/332 435/448/333 425/438/323
f 425/438/323 435/448/333 424/437/322
f 424/437/322 435/448/333 436/449/334
f 424/437/322 436/449/334 426/439/324
f 437/450/335 426/439/324 436/449/334
f 426/439/324 437/450/335 428/441/326
f 438/451/336 428/441/326 437/450/335
f 438/451/336 439/452/337 428/441/326
f 429/442/327 428/441/326 439/452/337
f 439/452/337 440/453/338 429/442/327
f 441/454/339 429/442/327 440/453/338
f 429/442/327 441/454/339 430/443/328
f 442/455/340 430/443/328 441/454/339
f 442/455/340 443/456/341 430/443/328
f 431/444/329 430/443/328 443/456/341
f 442/455/340 444/457/342 443/456/341
f 441/454/339 444/457/342 442/455/340
f 440/453/338 444/457/342 441/454/339
f 447/460/345 446/459/344 445/458/343
f 448/461/346 445/458/343 446/459/344
f 445/458/343 448/461/346 449/462/347
f 450/463/348 449/462/347 448/461/346
f 448/461/346 451/464/349 450/463/348
f 452/465/350 450/463/348 451/464/349
f 452/465/350 451/464/349 453/466/351
f 454/467/352 453/466/351 451/464/349
f 453/466/351 454/467/352 455/468/353
f 456/469/354 455/468/353 454/467/352
f 457/470/355 455/468/353 456/469/354
f 457/470/355 456/469/354 458/471/356
f 458/471/356 456/469/354 459/472/357
f 454/467/352 459/472/357 456/469/354
f 459/472/357 454/467/352 460/473/358
f 451/464/349 460/473/358 454/467/352
f 451/464/349 448/461/346 460/473/358
f 446/459/344 460/473/358 448/461/346
f 446/459/344 461/474/359 460/473/358
f 462/475/360 460/473/358 461/474/359
f 462/475/360 463/476/361 460/473/358
f 459/472/357 460/473/358 463/476/361
f 463/476/361 464/477/362 459/472/357
f 458/471/356 459/472/357 464/477/362
f 457/470/355 458/471/356 464/477/362
f 461/474/359 446/459/344 465/478/363
f 447/460/345 465/478/363 446/459/344
f 466/479/364 465/478/363 447/460/345
f 466/479/364 447/460/345 445/458/343
f 466/479/364 445/458/343 449/462/347
f 469/482/367 468/481/366 467/480/365
f 470/483/368 467/480/365 468/481/366
f 467/480/365 470/483/368 471/484/369
f 472/485/370 471/484/369 470/483/368
f 470/483/368 473/486/371 472/485/370
f 474/487/372 472/485/370 473/486/371
f 474/487/372 473/486/371 475/488/373
f 476/489/374 475/488/373 473/486/371
f 475/488/373 476/489/374 477/490/375
f 478/491/376 477/490/375 476/489/374
f 479/492/377 477/490/375 478/491/376
f 479/492/377 478/491/376 480/493/378
f 480/493/378 478/491/376 481/494/379
f 476/489/374 481/494/379 478/491/376
f 481/494/379 476/489/374 482/495/380
f 473/486/371 482/495/380 476/489/374
f 473/486/371 470/483/368 482/495/380
f 468/481/366 482/495/380 470/483/368
f 468/481/366 483/496/381 482/495/380
f 484/497/382 482/495/380 483/496/381
f 484/497/382 485/498/383 482/495/380
f 481/494/379 482/495/380 485/498/383
f 485/498/383 486/499/384 481/494/379
f 480/493/378 481/494/379 486/499/384
f 479/492/377 480/493/378 486/499/384
f 483/496/381 468/481/366 487/500/385
f 469/482/367 487/500/385 468/481/366
f 488/501/386 487/500/385 469/482/367
f 488/501/386 469/482/367 467/480/365
f 488/501/386 467/480/365 471/484/369
f 491/504/41 490/503/41 489/502/41
f 492/505/41 489/502/41 490/503/41
f 490/503/41 493/506/41 492/505/41
f 494/507/41 492/505/41 493/506/41
f 493/506/41 495/508/41 494/507/41
f 496/509/41 494/507/41 495/508/41
f 495/508/41 497/510/41 496/509/41
f 498/511/41 496/509/41 497/510/41
f 497/510/41 499/512/41 498/511/41
f 500/513/41 498/511/41 499/512/41
f 499/512/41 501/514/41 500/513/41
f 502/515/41 500/513/41 501/514/41
f 501/514/41 503/516/41 502/515/41
f 504/517/41 502/515/41 503/516/41
f 503/516/41 505/518/41 504/517/41
f 506/519/41 504/517/41 505/518/41
f 506/519/41 505/518/41 507/520/41
f 508/521/41 507/520/41 505/518/41
f 508/521/41 509/522/41 507/520/41
f 510/523/41 507/520/41 509/522/41
f 509/522/41 511/524/41 510/523/41
f 512/525/41 510/523/41 511/524/41
f 511/524/41 513/526/41 512/525/41
f 514/527/41 512/525/41 513/526/41
f 513/526/41 515/528/41 514/527/41
f 516/529/41 514/527/41 515/528/41
f 515/528/41 517/530/41 516/529/41
f 518/531/41 516/529/41 517/530/41
f 517/530/41 519/532/41 518/531/41
f 520/533/41 518/531/41 519/532/41
f 519/532/41 491/504/41 520/533/41
f 489/502/41 520/533/41 491/504/41
f 522/536/388 521/535/387 491/534/1145
f 490/537/1146 491/534/1145 521/535/387
f 521/535/387 523/538/389 490/537/1146
f 493/539/1147 490/537/1146 523/538/389
f 523/538/389 524/540/390 493/539/1147
f 495/541/1148 493/539/1147 524/540/390
f 524/540/390 525/542/391 495/541/1148
f 497/543/1149 495/541/1148 525/542/391
f 525/542/391 526/544/392 497/543/1149
f 499/545/1150 497/543/1149 526/544/392
f 526/544/392 527/546/393 499/545/1150
f 501/547/1151 499/545/1150 527/546/393
f 527/546/393 528/548/394 501/547/1151
f 503/549/1152 501/547/1151 528/548/394
f 528/548/394 529/550/395 503/549/1152
f 505/551/1153 503/549/1152 529/550/395
f 529/550/395 530/552/396 505/551/1153
f 508/553/1154 505/551/1153 530/552/396
f 530/552/396 531/554/397 508/553/1154
f 509/555/1155 508/553/1154 531/554/397
f 531/554/397 532/556/398 509/555/1155
f 511/557/1156 509/555/1155 532/556/398
f 532/556/398 533/558/399 511/557/1156
f 513/559/1157 511/557/1156 533/558/399
f 533/558/399 534/560/400 513/559/1157
f 515/561/1158 513/559/1157 534/560/400
f 534/560/400 535/562/401 515/561/1158
f 517/563/1159 515/561/1158 535/562/401
f 535/562/401 536/564/402 517/563/1159
f 519/565/1160 517/563/1159 536/564/402
f 536/567/402 522/536/388 519/566/1160
f 491/534/1145 519/566/1160 522/536/388
f 537/570/41 530/569/41 529/568/41
f 531/571/41 530/569/41 537/570/41
f 532/572/41 531/571/41 537/570/41
f 533/573/41 532/572/41 537/570/41
f 534/574/41 533/573/41 537/570/41
f 535/575/41 534/574/41 537/570/41
f 536/576/41 535/575/41 537/570/41
f 522/577/41 536/576/41 537/570/41
f 522/577/41 537/570/41 521/578/41
f 537/570/41 523/579/41 521/578/41
f 537/570/41 524/580/41 523/579/41
f 537/570/41 525/581/41 524/580/41
f 537/570/41 526/582/41 525/581/41
f 537/570/41 527/583/41 526/582/41
f 537/570/41 528/584/41 527/583/41
f 537/570/41 529/568/41 528/584/41
f 540/587/405 539/586/404 538/585/403
f 541/588/406 538/585/403 539/586/404
f 539/586/404 542/589/407 541/588/406
f 543/590/408 541/588/406 542/589/407
f 542/589/407 539/586/404 544/591/409
f 545/592/410 544/591/409 539/586/404
f 539/586/404 540/587/405 545/592/410
f 546/593/411 545/592/410 540/587/405
f 540/587/405 547/594/412 546/593/411
f 548/595/413 546/593/411 547/594/412
f 547/594/412 549/596/414 548/595/413
f 550/597/415 548/595/413 549/596/414
f 549/596/414 551/598/416 550/597/415
f 552/599/417 550/597/415 551/598/416
f 551/598/416 553/600/418 552/599/417
f 554/601/419 552/599/417 553/600/418
f 553/600/418 555/602/420 554/601/419
f 556/603/421 554/601/419 555/602/420
f 555/602/420 557/604/422 556/603/421
f 558/605/423 556/603/421 557/604/422
f 557/604/422 559/606/424 558/605/423
f 560/607/425 558/605/423 559/606/424
f 559/606/424 561/608/426 560/607/425
f 562/609/427 560/607/425 561/608/426
f 561/608/426 563/610/428 562/609/427
f 564/611/429 562/609/427 563/610/428
f 563/610/428 565/612/430 564/611/429
f 566/613/431 564/611/429 565/612/430
f 565/612/430 567/614/432 566/613/431
f 568/615/433 566/613/431 567/614/432
f 567/614/432 569/616/434 568/615/433
f 570/617/435 568/615/433 569/616/434
f 569/616/434 571/618/436 570/617/435
f 572/619/437 570/617/435 571/618/436
f 571/618/436 542/620/407 572/619/437
f 544/621/409 572/619/437 542/620/407
f 542/620/407 571/618/436 543/622/408
f 573/623/438 543/622/408 571/618/436
f 571/618/436 569/616/434 573/623/438
f 574/624/439 573/623/438 569/616/434
f 569/616/434 567/614/432 574/624/439
f 575/625/440 574/624/439 567/614/432
f 567/614/432 565/612/430 575/625/440
f 576/626/441 575/625/440 565/612/430
f 565/612/430 563/610/428 576/626/441
f 577/627/442 576/626/441 563/610/428
f 563/610/428 561/608/426 577/627/442
f 578/628/443 577/627/442 561/608/426
f 561/608/426 559/606/424 578/628/443
f 579/629/444 578/628/443 559/606/424
f 559/606/424 557/604/422 579/629/444
f 580/630/445 579/629/444 557/604/422
f 557/604/422 555/602/420 580/630/445
f 581/631/446 580/630/445 555/602/420
f 555/602/420 553/600/418 581/631/446
f 582/632/447 581/631/446 553/600/418
f 553/600/418 551/598/416 582/632/447
f 583/633/448 582/632/447 551/598/416
f 551/598/416 549/596/414 583/633/448
f 584/634/449 583/633/448 549/596/414
f 549/596/414 547/594/412 584/634/449
f 585/635/450 584/634/449 547/594/412
f 547/594/412 540/587/405 585/635/450
f 538/585/403 585/635/450 540/587/405
f 588/638/453 587/637/452 586/636/451
f 589/639/454 586/636/451 587/637/452
f 586/636/451 589/639/454 590/640/455
f 591/641/456 590/640/455 589/639/454
f 592/642/457 590/640/455 591/641/456
f 592/642/457 593/643/458 590/640/455
f 594/644/459 590/640/455 593/643/458
f 590/640/455 594/644/459 586/636/451
f 595/645/460 586/636/451 594/644/459
f 586/636/451 595/645/460 588/638/453
f 596/646/461 588/638/453 595/645/460
f 596/646/461 558/647/423 588/638/453
f 560/648/425 588/638/453 558/647/423
f 588/638/453 560/648/425 587/637/452
f 562/649/427 587/637/452 560/648/425
f 562/649/427 564/650/429 587/637/452
f 597/651/462 587/637/452 564/650/429
f 587/637/452 597/651/462 589/639/454
f 598/652/463 589/639/454 597/651/462
f 589/639/454 598/652/463 591/641/456
f 599/653/464 591/641/456 598/652/463
f 591/641/456 599/653/464 592/642/457
f 600/654/465 592/642/457 599/653/464
f 592/642/457 600/654/465 601/655/466
f 602/656/467 601/655/466 600/654/465
f 600/654/465 603/657/468 602/656/467
f 604/658/469 602/656/467 603/657/468
f 603/657/468 605/659/470 604/658/469
f 606/660/471 604/658/469 605/659/470
f 605/659/470 603/657/468 607/661/472
f 608/662/473 607/661/472 603/657/468
f 607/661/472 608/662/473 609/663/474
f 610/664/475 609/663/474 608/662/473
f 609/663/474 610/664/475 611/665/476
f 612/666/477 611/665/476 610/664/475
f 612/666/477 570/667/435 611/665/476
f 572/668/437 611/665/476 570/667/435
f 611/665/476 572/668/437 613/669/478
f 544/670/409 613/669/478 572/668/437
f 611/665/476 613/669/478 609/663/474
f 614/671/479 609/663/474 613/669/478
f 609/663/474 614/671/479 607/661/472
f 615/672/480 607/661/472 614/671/479
f 605/659/470 607/661/472 615/672/480
f 570/667/435 612/666/477 568/673/433
f 616/674/481 568/673/433 612/666/477
f 568/673/433 616/674/481 566/675/431
f 617/676/482 566/675/431 616/674/481
f 566/675/431 617/676/482 564/650/429
f 597/651/462 564/650/429 617/676/482
f 597/651/462 617/676/482 598/652/463
f 618/677/483 598/652/463 617/676/482
f 598/652/463 618/677/483 599/653/464
f 619/678/484 599/653/464 618/677/483
f 600/654/465 599/653/464 619/678/484
f 619/678/484 620/679/485 600/654/465
f 603/657/468 600/654/465 620/679/485
f 603/657/468 620/679/485 608/662/473
f 608/662/473 620/679/485 610/664/475
f 621/680/486 610/664/475 620/679/485
f 610/664/475 621/680/486 612/666/477
f 616/674/481 612/666/477 621/680/486
f 621/680/486 618/677/483 616/674/481
f 617/676/482 616/674/481 618/677/483
f 618/677/483 621/680/486 619/678/484
f 620/679/485 619/678/484 621/680/486
f 623/682/488 596/646/461 622/681/487
f 595/645/460 622/681/487 596/646/461
f 622/681/487 595/645/460 624/683/489
f 594/644/459 624/683/489 595/645/460
f 593/643/458 624/683/489 594/644/459
f 593/643/458 625/684/490 624/683/489
f 626/685/491 624/683/489 625/684/490
f 624/683/489 626/685/491 622/681/487
f 627/686/492 622/681/487 626/685/491
f 622/681/487 627/686/492 623/682/488
f 628/687/493 623/682/488 627/686/492
f 628/687/493 554/688/419 623/682/488
f 556/689/421 623/682/488 554/688/419
f 623/682/488 556/689/421 596/646/461
f 558/647/423 596/646/461 556/689/421
f 554/688/419 628/687/493 552/690/417
f 629/691/494 552/690/417 628/687/493
f 552/690/417 629/691/494 550/692/415
f 630/693/495 550/692/415 629/691/494
f 550/692/415 630/693/495 548/694/413
f 631/695/496 548/694/413 630/693/495
f 548/694/413 631/695/496 546/696/411
f 632/697/497 546/696/411 631/695/496
f 546/696/411 632/697/497 545/698/410
f 633/699/498 545/698/410 632/697/497
f 633/699/498 613/700/478 545/698/410
f 544/701/409 545/698/410 613/700/478
f 613/700/478 633/699/498 614/702/479
f 634/703/499 614/702/479 633/699/498
f 614/702/479 634/703/499 615/704/480
f 635/705/500 615/704/480 634/703/499
f 635/705/500 636/706/501 615/704/480
f 605/707/470 615/704/480 636/706/501
f 636/706/501 637/708/502 605/707/470
f 606/709/471 605/707/470 637/708/502
f 636/706/501 638/710/503 637/708/502
f 639/711/504 637/708/502 638/710/503
f 638/710/503 625/684/490 639/711/504
f 640/712/505 639/711/504 625/684/490
f 625/684/490 593/643/458 640/712/505
f 641/713/506 640/712/505 593/643/458
f 593/643/458 592/642/457 641/713/506
f 601/655/466 641/713/506 592/642/457
f 625/684/490 638/710/503 642/714/507
f 643/715/508 642/714/507 638/710/503
f 642/714/507 643/715/508 644/716/509
f 645/717/510 644/716/509 643/715/508
f 644/716/509 645/717/510 629/691/494
f 630/693/495 629/691/494 645/717/510
f 645/717/510 646/718/511 630/693/495
f 631/695/496 630/693/495 646/718/511
f 646/718/511 647/719/512 631/695/496
f 632/697/497 631/695/496 647/719/512
f 647/719/512 634/703/499 632/697/497
f 633/699/498 632/697/497 634/703/499
f 634/703/499 647/719/512 635/705/500
f 648/720/513 635/705/500 647/719/512
f 636/706/501 635/705/500 648/720/513
f 648/720/513 649/721/514 636/706/501
f 638/710/503 636/706/501 649/721/514
f 638/710/503 649/721/514 643/715/508
f 643/715/508 649/721/514 645/717/510
f 646/718/511 645/717/510 649/721/514
f 649/721/514 648/720/513 646/718/511
f 647/719/512 646/718/511 648/720/513
f 629/691/494 628/687/493 644/716/509
f 627/686/492 644/716/509 628/687/493
f 644/716/509 627/686/492 642/714/507
f 626/685/491 642/714/507 627/686/492
f 625/684/490 642/714/507 626/685/491
f 604/724/469 606/723/471 650/722/515
f 637/725/502 650/722/515 606/723/471
f 637/725/502 639/726/504 650/722/515
f 602/727/467 604/724/469 650/722/1161
f 601/728/466 602/727/467 650/722/1161
f 641/729/506 601/728/466 650/722/1161
f 640/730/505 641/729/506 650/722/1162
f 639/726/504 640/730/505 650/722/1162
f 576/733/441 577/732/442 512/731/1163
f 510/734/1164 512/731/1163 577/732/442
f 577/732/442 578/735/443 510/734/1164
f 507/736/1165 510/734/1164 578/735/443
f 578/735/443 579/737/444 507/736/1165
f 506/738/1166 507/736/1165 579/737/444
f 579/737/444 580/739/445 506/738/1166
f 504/740/1167 506/738/1166 580/739/445
f 580/739/445 581/741/446 504/740/1167
f 502/742/1168 504/740/1167 581/741/446
f 581/741/446 582/743/447 502/742/1168
f 500/744/1169 502/742/1168 582/743/447
f 582/743/447 583/745/448 500/744/1169
f 498/746/1170 500/744/1169 583/745/448
f 583/745/448 584/747/449 498/746/1170
f 496/748/1171 498/746/1170 584/747/449
f 584/747/449 585/749/450 496/748/1171
f 494/750/1172 496/748/1171 585/749/450
f 585/749/450 538/751/403 494/750/1172
f 492/752/1173 494/750/1172 538/751/403
f 538/751/403 541/753/406 492/752/1173
f 489/754/1174 492/752/1173 541/753/406
f 541/753/406 543/755/408 489/754/1174
f 520/756/1175 489/754/1174 543/755/408
f 575/758/440 576/733/441 514/757/1176
f 512/731/1163 514/757/1176 576/733/441
f 514/757/1176 516/759/1177 575/758/440
f 574/760/439 575/758/440 516/759/1177
f 516/759/1177 518/761/1178 574/760/439
f 573/762/438 574/760/439 518/761/1178
f 518/761/1178 520/763/1175 573/762/438
f 543/764/408 573/762/438 520/763/1175
f 653/767/518 652/766/517 651/765/516
f 654/768/519 651/765/516 652/766/517
f 654/768/519 655/769/520 651/765/516
f 656/770/521 651/765/516 655/769/520
f 651/765/516 656/770/521 653/767/518
f 657/771/522 653/767/518 656/770/521
f 657/771/522 658/772/523 653/767/518
f 652/766/517 653/767/518 658/772/523
f 658/772/523 659/773/524 652/766/517
f 660/774/525 652/766/517 659/773/524
f 652/766/517 660/774/525 654/768/519
f 661/775/526 654/768/519 660/774/525
f 661/775/526 662/776/527 654/768/519
f 655/769/520 654/768/519 662/776/527
f 665/779/530 664/778/529 663/777/528
f 666/780/531 663/777/528 664/778/529
f 663/777/528 666/780/531 656/781/1179
f 657/782/1180 656/781/1179 666/780/531
f 657/782/1183 666/780/1182 658/783/1181
f 664/778/529 658/783/1181 666/780/1182
f 658/783/1181 664/778/529 659/784/1184
f 667/785/532 659/784/1184 664/778/529
f 664/778/529 665/779/530 667/785/532
f 668/786/533 667/785/532 665/779/530
f 668/786/533 665/779/530 662/787/1185
f 655/788/1186 662/787/1185 665/779/530
f 665/779/530 663/777/528 655/788/1186
f 656/781/1179 655/788/1186 663/777/528
f 671/791/536 670/790/535 669/789/534
f 672/792/535 669/789/534 670/790/535
f 669/789/1187 672/792/538 673/793/537
f 674/794/538 673/793/537 672/792/538
f 673/793/1188 674/794/540 675/795/539
f 676/796/540 675/795/539 674/794/540
f 675/798/1191 676/797/1190 671/791/1189
f 670/790/1190 671/791/1189 676/797/1190
f 675/801/539 677/800/541 673/799/1188
f 669/802/1187 673/799/537 677/800/1192
f 671/804/1189 677/800/1193 675/803/1191
f 669/802/534 677/800/1194 671/804/536
f 680/807/544 679/806/543 678/805/542
f 681/808/545 678/805/542 679/806/543
f 678/805/542 681/808/545 682/809/546
f 683/810/547 682/809/546 681/808/545
f 683/810/547 681/808/545 684/811/548
f 685/812/549 684/811/548 681/808/545
f 681/808/545 679/806/543 685/812/549
f 686/813/550 685/812/549 679/806/543
f 679/806/543 680/807/544 686/813/550
f 687/814/551 686/813/550 680/807/544
f 687/814/551 680/807/544 688/815/552
f 678/805/542 688/815/552 680/807/544
f 688/815/552 678/805/542 689/816/553
f 682/809/546 689/816/553 678/805/542
f 692/819/556 691/818/555 690/817/554
f 693/820/557 690/817/554 691/818/555
f 693/820/557 685/821/1195 690/817/554
f 686/822/1196 690/817/554 685/821/1195
f 690/817/554 686/822/1196 692/819/556
f 687/823/1197 692/819/556 686/822/1196
f 687/823/1200 688/824/1199 692/819/1198
f 691/818/555 692/819/1198 688/824/1199
f 688/824/1199 689/825/1201 691/818/555
f 694/826/558 691/818/555 689/825/1201
f 691/818/555 694/826/558 693/820/557
f 695/827/559 693/820/557 694/826/558
f 695/827/559 684/828/1202 693/820/557
f 685/821/1195 693/820/557 684/828/1202
f 698/831/562 697/830/561 696/829/560
f 699/832/560 696/829/560 697/830/561
f 697/830/1203 700/833/563 699/832/564
f 701/834/564 699/832/564 700/833/563
f 700/833/1204 702/835/565 701/834/566
f 703/836/566 701/834/566 702/835/565
f 702/838/1207 698/831/1206 703/837/1205
f 696/829/1208 703/837/1205 698/831/1206
f 704/841/567 702/840/565 700/839/1204
f 700/839/563 697/842/1203 704/841/1209
f 704/841/1210 698/844/1206 702/843/1207
f 704/841/1211 697/842/561 698/844/562
f 707/847/570 706/846/569 705/845/568
f 708/848/571 705/845/568 706/846/569
f 705/845/568 708/848/571 709/849/572
f 710/850/573 709/849/572 708/848/571
f 710/850/573 708/848/571 711/851/574
f 706/846/569 711/851/574 708/848/571
f 711/851/574 706/846/569 712/852/575
f 713/853/576 712/852/575 706/846/569
f 706/846/569 707/847/570 713/853/576
f 714/854/577 713/853/576 707/847/570
f 714/854/577 707/847/570 715/855/578
f 716/856/579 715/855/578 707/847/570
f 707/847/570 705/845/568 716/856/579
f 709/849/572 716/856/579 705/845/568
f 719/859/582 718/858/581 717/857/580
f 720/860/583 717/857/580 718/858/581
f 720/860/583 716/861/1212 717/857/580
f 709/862/1213 717/857/580 716/861/1212
f 717/857/580 709/862/1213 719/859/582
f 710/863/1214 719/859/582 709/862/1213
f 710/863/1217 711/864/1216 719/859/1215
f 718/858/581 719/859/1215 711/864/1216
f 711/864/1216 712/865/1218 718/858/581
f 721/866/584 718/858/581 712/865/1218
f 718/858/581 721/866/584 720/860/583
f 722/867/585 720/860/583 721/866/584
f 722/867/585 715/868/1219 720/860/583
f 716/861/1212 720/860/583 715/868/1219
f 725/871/587 724/870/587 723/869/586
f 726/872/588 723/869/586 724/870/587
f 723/869/1220 727/873/589 725/871/590
f 728/874/590 725/871/590 727/873/589
f 724/870/591 729/875/591 726/872/1221
f 730/876/592 726/872/1221 729/875/591
f 729/878/1223 728/874/1223 730/877/1222
f 727/873/1224 730/877/1222 728/874/1223
f 731/881/593 730/880/1222 727/879/1224
f 727/879/589 723/882/1220 731/881/1225
f 731/881/1226 726/884/1221 730/883/592
f 731/881/1227 723/882/586 726/884/588
f 734/887/596 733/886/595 732/885/594
f 735/888/597 732/885/594 733/886/595
f 732/885/594 735/888/597 736/889/598
f 737/890/599 736/889/598 735/888/597
f 737/890/599 735/888/597 738/891/600
f 733/886/595 738/891/600 735/888/597
f 738/891/600 733/886/595 739/892/601
f 734/887/596 739/892/601 733/886/595
f 739/892/601 734/887/596 740/893/602
f 741/894/603 740/893/602 734/887/596
f 741/894/603 734/887/596 742/895/604
f 732/885/594 742/895/604 734/887/596
f 742/895/604 732/885/594 743/896/605
f 736/889/598 743/896/605 732/885/594
f 746/899/608 745/898/607 744/897/606
f 747/900/609 744/897/606 745/898/607
f 744/897/606 747/900/609 738/901/1228
f 737/902/1229 738/901/1228 747/900/609
f 737/902/1232 747/900/1231 736/903/1230
f 745/898/607 736/903/1230 747/900/1231
f 736/903/1230 745/898/607 743/904/1233
f 748/905/610 743/904/1233 745/898/607
f 745/898/607 746/899/608 748/905/610
f 749/906/611 748/905/610 746/899/608
f 749/906/611 746/899/608 740/907/1234
f 739/908/1235 740/907/1234 746/899/608
f 746/899/608 744/897/606 739/908/1235
f 738/901/1228 739/908/1235 744/897/606
f 752/911/612 751/910/613 750/909/612
f 753/912/614 750/909/612 751/910/613
f 751/910/1236 752/911/616 754/913/615
f 755/914/616 754/913/615 752/911/616
f 754/913/1237 755/914/618 756/915/617
f 757/916/618 756/915/617 755/914/618
f 750/909/1240 753/912/1239 757/917/1238
f 756/918/1241 757/917/1238 753/912/1239
f 756/921/617 758/920/619 754/919/1237
f 751/922/1236 754/919/615 758/920/1242
f 753/924/1239 758/920/1243 756/923/1241
f 751/922/613 758/920/1244 753/924/614
f 761/927/622 760/926/621 759/925/620
f 761/927/622 762/928/623 760/926/621
f 763/929/624 760/926/621 762/928/623
f 759/925/620 764/930/625 761/927/622
f 759/925/620 765/931/626 764/930/625
f 766/932/627 764/930/625 765/931/626
f 764/930/625 766/932/627 767/933/628
f 766/932/627 768/934/629 767/933/628
f 769/935/630 767/933/628 768/934/629
f 768/934/629 770/936/631 769/935/630
f 771/937/632 769/935/630 770/936/631
f 770/936/631 772/938/633 771/937/632
f 773/939/634 771/937/632 772/938/633
f 773/939/634 772/938/633 774/940/635
f 775/941/636 774/940/635 772/938/633
f 774/940/635 775/941/636 776/942/637
f 777/943/638 776/942/637 775/941/636
f 776/942/637 777/943/638 778/944/639
f 779/945/640 778/944/639 777/943/638
f 779/945/640 780/946/641 778/944/639
f 779/945/640 781/947/642 780/946/641
f 782/948/643 780/946/641 781/947/642
f 780/946/641 782/948/643 783/949/644
f 784/950/645 783/949/644 782/948/643
f 783/949/644 784/950/645 762/951/623
f 763/952/624 762/951/623 784/950/645
f 781/947/642 779/945/640 785/953/646
f 777/943/638 785/953/646 779/945/640
f 785/953/646 777/943/638 786/954/647
f 775/941/636 786/954/647 777/943/638
f 786/954/647 775/941/636 787/955/648
f 772/938/633 787/955/648 775/941/636
f 772/938/633 770/936/631 787/955/648
f 788/956/649 787/955/648 770/936/631
f 770/936/631 768/934/629 788/956/649
f 789/957/650 788/956/649 768/934/629
f 768/934/629 766/932/627 789/957/650
f 765/931/626 789/957/650 766/932/627
f 792/960/653 791/959/652 790/958/651
f 793/961/654 790/958/651 791/959/652
f 793/961/654 794/962/655 790/958/651
f 795/963/656 790/958/651 794/962/655
f 790/958/651 795/963/656 796/964/657
f 797/965/658 796/964/657 795/963/656
f 796/964/657 797/965/658 798/966/659
f 799/967/660 798/966/659 797/965/658
f 798/966/659 799/967/660 786/968/647
f 785/969/646 786/968/647 799/967/660
f 799/967/660 800/970/661 785/969/646
f 781/971/642 785/969/646 800/970/661
f 800/970/661 801/972/662 781/971/642
f 782/973/643 781/971/642 801/972/662
f 801/972/662 802/974/663 782/973/643
f 784/975/645 782/973/643 802/974/663
f 802/974/663 803/976/664 784/975/645
f 763/977/624 784/975/645 803/976/664
f 803/976/664 802/974/663 804/978/665
f 805/979/666 804/978/665 802/974/663
f 804/978/665 805/979/666 806/980/667
f 807/981/668 806/980/667 805/979/666
f 806/980/667 807/981/668 808/982/669
f 809/983/670 808/982/669 807/981/668
f 807/981/668 795/963/656 809/983/670
f 794/962/655 809/983/670 795/963/656
f 795/963/656 807/981/668 810/984/671
f 811/985/672 810/984/671 807/981/668
f 810/984/671 811/985/672 800/970/661
f 801/972/662 800/970/661 811/985/672
f 811/985/672 805/979/666 801/972/662
f 802/974/663 801/972/662 805/979/666
f 805/979/666 811/985/672 807/981/668
f 800/970/661 799/967/660 810/984/671
f 797/965/658 810/984/671 799/967/660
f 810/984/671 797/965/658 795/963/656
f 813/987/674 812/986/673 792/960/653
f 791/959/1245 792/960/653 812/986/673
f 812/986/673 813/987/674 808/988/669
f 806/989/667 808/988/669 813/987/674
f 813/987/674 814/990/675 806/989/667
f 815/991/676 806/989/667 814/990/675
f 804/992/665 806/989/667 815/991/676
f 815/991/676 816/993/677 804/992/665
f 803/994/664 804/992/665 816/993/677
f 816/993/677 760/995/621 803/994/664
f 763/996/624 803/994/664 760/995/621
f 760/995/621 816/993/677 759/997/620
f 817/998/678 759/997/620 816/993/677
f 759/997/620 817/998/678 765/999/626
f 818/1000/679 765/999/626 817/998/678
f 765/999/626 818/1000/679 789/1001/650
f 819/1002/680 789/1001/650 818/1000/679
f 789/1001/650 819/1002/680 788/1003/649
f 820/1004/681 788/1003/649 819/1002/680
f 788/1003/649 820/1004/681 787/1005/648
f 821/1006/682 787/1005/648 820/1004/681
f 821/1006/682 798/966/659 787/1005/648
f 786/968/647 787/1005/648 798/966/659
f 798/966/659 821/1006/682 796/964/657
f 822/1007/683 796/964/657 821/1006/682
f 796/964/657 822/1007/683 790/958/651
f 790/958/651 822/1007/683 792/960/653
f 823/1008/684 792/960/653 822/1007/683
f 824/1009/685 792/960/653 823/1008/684
f 792/960/653 824/1009/685 813/987/674
f 825/1010/686 813/987/674 824/1009/685
f 814/990/675 813/987/674 825/1010/686
f 825/1010/686 818/1000/679 814/990/675
f 817/998/678 814/990/675 818/1000/679
f 814/990/675 817/998/678 815/991/676
f 816/993/677 815/991/676 817/998/678
f 818/1000/679 825/1010/686 819/1002/680
f 824/1009/685 819/1002/680 825/1010/686
f 819/1002/680 824/1009/685 820/1004/681
f 823/1008/684 820/1004/681 824/1009/685
f 820/1004/681 823/1008/684 821/1006/682
f 822/1007/683 821/1006/682 823/1008/684
f 761/1013/39 826/1012/39 762/1011/39
f 827/1014/39 762/1011/39 826/1012/39
f 827/1014/39 828/1015/39 762/1011/39
f 783/1016/39 762/1011/39 828/1015/39
f 828/1015/1246 829/1017/687 783/1016/644
f 780/1018/641 783/1016/644 829/1017/687
f 829/1017/687 830/1019/688 780/1018/641
f 778/1020/639 780/1018/641 830/1019/688
f 826/1012/1247 761/1013/622 831/1021/689
f 764/1022/625 831/1021/689 761/1013/622
f 831/1021/689 764/1022/625 832/1023/690
f 767/1024/628 832/1023/690 764/1022/625
f 835/1027/693 834/1026/692 833/1025/691
f 836/1028/694 833/1025/691 834/1026/692
f 833/1025/691 836/1028/694 837/1029/695
f 838/1030/696 837/1029/695 836/1028/694
f 837/1029/695 838/1030/696 773/1031/634
f 771/1032/632 773/1031/634 838/1030/696
f 838/1030/696 839/1033/697 771/1032/632
f 769/1034/630 771/1032/632 839/1033/697
f 839/1033/697 840/1035/698 769/1034/630
f 767/1036/628 769/1034/630 840/1035/698
f 767/1036/628 840/1035/698 832/1037/690
f 841/1038/699 832/1037/690 840/1035/698
f 841/1038/699 840/1035/698 842/1039/700
f 843/1040/701 842/1039/700 840/1035/698
f 844/1041/702 842/1039/700 843/1040/701
f 843/1040/701 845/1042/703 844/1041/702
f 846/1043/704 844/1041/702 845/1042/703
f 845/1042/703 836/1028/694 846/1043/704
f 834/1026/692 846/1043/704 836/1028/694
f 836/1028/694 845/1042/703 838/1030/696
f 839/1033/697 838/1030/696 845/1042/703
f 845/1042/703 843/1040/701 839/1033/697
f 840/1035/698 839/1033/697 843/1040/701
f 848/1045/706 847/1044/705 833/1025/691
f 835/1027/693 833/1025/691 847/1044/705
f 847/1044/705 848/1045/706 849/1046/707
f 850/1047/708 849/1046/707 848/1045/706
f 849/1046/707 850/1047/708 851/1048/709
f 852/1049/710 851/1048/709 850/1047/708
f 851/1048/709 852/1049/710 853/1050/711
f 852/1049/710 854/1051/712 853/1050/711
f 855/1052/713 853/1050/711 854/1051/712
f 855/1052/713 854/1051/712 830/1053/688
f 778/1054/639 830/1053/688 854/1051/712
f 778/1054/639 854/1051/712 776/1055/637
f 856/1056/714 776/1055/637 854/1051/712
f 776/1055/637 856/1056/714 774/1057/635
f 857/1058/715 774/1057/635 856/1056/714
f 774/1057/635 857/1058/715 773/1031/634
f 837/1029/695 773/1031/634 857/1058/715
f 857/1058/715 848/1045/706 837/1029/695
f 833/1025/691 837/1029/695 848/1045/706
f 848/1045/706 857/1058/715 850/1047/708
f 856/1056/714 850/1047/708 857/1058/715
f 850/1047/708 856/1056/714 852/1049/710
f 854/1051/712 852/1049/710 856/1056/714
f 791/1061/1245 812/1060/673 858/1059/716
f 812/1060/673 808/1062/669 858/1059/716
f 808/1062/669 809/1063/670 858/1059/1248
f 858/1059/1249 793/1064/654 791/1061/652
f 858/1059/1249 794/1065/655 793/1064/654
f 858/1059/1248 809/1063/670 794/1065/655
f 844/1068/1252 851/1067/1251 842/1066/1250
f 853/1069/1253 842/1066/1250 851/1067/1251
f 844/1068/1252 846/1070/1254 851/1067/1251
f 849/1071/1255 851/1067/1251 846/1070/1254
f 846/1070/1254 834/1072/1256 849/1071/1255
f 847/1073/1257 849/1071/1255 834/1072/1256
f 835/1074/1258 847/1073/1257 834/1072/1256
f 861/1077/719 860/1076/718 859/1075/717
f 862/1078/720 859/1075/717 860/1076/718
f 859/1075/717 862/1078/720 863/1079/721
f 864/1080/722 863/1079/721 862/1078/720
f 863/1079/721 864/1080/722 865/1081/723
f 866/1082/724 865/1081/723 864/1080/722
f 865/1081/723 866/1082/724 867/1083/725
f 868/1084/726 867/1083/725 866/1082/724
f 867/1083/725 868/1084/726 869/1085/727
f 870/1086/728 869/1085/727 868/1084/726
f 870/1086/728 871/1087/729 869/1085/727
f 872/1088/730 869/1085/727 871/1087/729
f 871/1087/729 873/1089/731 872/1088/730
f 874/1090/732 872/1088/730 873/1089/731
f 873/1089/731 875/1091/733 874/1090/732
f 876/1092/734 874/1090/732 875/1091/733
f 875/1091/733 877/1093/735 876/1092/734
f 878/1094/736 876/1092/734 877/1093/735
f 878/1094/736 877/1093/735 879/1095/737
f 879/1095/737 880/1096/738 878/1094/736
f 879/1095/737 881/1097/739 880/1096/738
f 882/1098/740 880/1096/738 881/1097/739
f 877/1093/735 875/1091/733 883/1099/741
f 875/1091/733 873/1089/731 883/1099/741
f 884/1100/742 883/1099/741 873/1089/731
f 873/1089/731 871/1087/729 884/1100/742
f 885/1101/743 884/1100/742 871/1087/729
f 871/1087/729 870/1086/728 885/1101/743
f 886/1102/744 885/1101/743 870/1086/728
f 886/1102/744 870/1086/728 887/1103/745
f 868/1084/726 887/1103/745 870/1086/728
f 887/1103/745 868/1084/726 888/1104/746
f 866/1082/724 888/1104/746 868/1084/726
f 888/1104/746 866/1082/724 889/1105/747
f 864/1080/722 889/1105/747 866/1082/724
f 864/1080/722 862/1078/720 889/1105/747
f 860/1076/718 861/1077/719 881/1106/739
f 882/1107/740 881/1106/739 861/1077/719
f 892/1110/750 891/1109/749 890/1108/748
f 893/1111/751 890/1108/748 891/1109/749
f 890/1108/748 893/1111/751 894/1112/752
f 895/1113/753 894/1112/752 893/1111/751
f 894/1112/752 895/1113/753 896/1114/754
f 897/1115/755 896/1114/754 895/1113/753
f 896/1114/754 897/1115/755 869/1116/727
f 867/1117/725 869/1116/727 897/1115/755
f 897/1115/755 898/1118/756 867/1117/725
f 865/1119/723 867/1117/725 898/1118/756
f 898/1118/756 899/1120/757 865/1119/723
f 863/1121/721 865/1119/723 899/1120/757
f 899/1120/757 900/1122/758 863/1121/721
f 859/1123/717 863/1121/721 900/1122/758
f 900/1122/758 901/1124/759 859/1123/717
f 861/1125/719 859/1123/717 901/1124/759
f 901/1124/759 902/1126/760 861/1125/719
f 882/1127/740 861/1125/719 902/1126/760
f 902/1126/760 901/1124/759 903/1128/761
f 904/1129/762 903/1128/761 901/1124/759
f 905/1130/763 903/1128/761 904/1129/762
f 904/1129/762 906/1131/764 905/1130/763
f 907/1132/765 905/1130/763 906/1131/764
f 905/1130/763 907/1132/765 908/1133/766
f 909/1134/767 908/1133/766 907/1132/765
f 907/1132/765 893/1111/751 909/1134/767
f 891/1109/1259 909/1134/767 893/1111/751
f 893/1111/751 907/1132/765 910/1135/768
f 911/1136/769 910/1135/768 907/1132/765
f 910/1135/768 911/1136/769 898/1118/756
f 899/1120/757 898/1118/756 911/1136/769
f 911/1136/769 906/1131/764 899/1120/757
f 900/1122/758 899/1120/757 906/1131/764
f 906/1131/764 904/1129/762 900/1122/758
f 901/1124/759 900/1122/758 904/1129/762
f 907/1132/765 906/1131/764 911/1136/769
f 898/1118/756 897/1115/755 910/1135/768
f 895/1113/753 910/1135/768 897/1115/755
f 893/1111/751 910/1135/768 895/1113/753
f 913/1139/39 912/1138/39 881/1137/39
f 860/1140/39 881/1137/39 912/1138/39
f 912/1138/1260 914/1141/770 860/1140/718
f 862/1142/720 860/1140/718 914/1141/770
f 914/1141/770 915/1143/771 862/1142/720
f 889/1144/747 862/1142/720 915/1143/771
f 913/1139/39 881/1137/39 916/1145/39
f 879/1146/39 916/1145/39 881/1137/39
f 916/1145/1261 879/1146/737 917/1147/772
f 877/1148/735 917/1147/772 879/1146/737
f 917/1147/772 877/1148/735 918/1149/773
f 883/1150/741 918/1149/773 877/1148/735
f 920/1152/775 919/1151/774 890/1108/748
f 892/1110/750 890/1108/748 919/1151/774
f 919/1151/774 920/1152/775 921/1153/776
f 922/1154/777 921/1153/776 920/1152/775
f 921/1153/776 922/1154/777 908/1155/766
f 905/1156/763 908/1155/766 922/1154/777
f 922/1154/777 923/1157/778 905/1156/763
f 903/1158/761 905/1156/763 923/1157/778
f 923/1157/778 924/1159/779 903/1158/761
f 902/1160/760 903/1158/761 924/1159/779
f 924/1159/779 880/1161/738 902/1160/760
f 882/1162/740 902/1160/760 880/1161/738
f 880/1161/738 924/1159/779 878/1163/736
f 925/1164/780 878/1163/736 924/1159/779
f 878/1163/736 925/1164/780 876/1165/734
f 926/1166/781 876/1165/734 925/1164/780
f 876/1165/734 926/1166/781 874/1167/732
f 927/1168/782 874/1167/732 926/1166/781
f 874/1167/732 927/1168/782 872/1169/730
f 928/1170/783 872/1169/730 927/1168/782
f 872/1169/730 928/1170/783 869/1116/727
f 896/1114/754 869/1116/727 928/1170/783
f 928/1170/783 929/1171/784 896/1114/754
f 894/1112/752 896/1114/754 929/1171/784
f 929/1171/784 890/1108/748 894/1112/752
f 890/1108/748 929/1171/784 920/1152/775
f 930/1172/785 920/1152/775 929/1171/784
f 931/1173/786 920/1152/775 930/1172/785
f 920/1152/775 931/1173/786 922/1154/777
f 932/1174/787 922/1154/777 931/1173/786
f 923/1157/778 922/1154/777 932/1174/787
f 932/1174/787 925/1164/780 923/1157/778
f 924/1159/779 923/1157/778 925/1164/780
f 925/1164/780 932/1174/787 926/1166/781
f 931/1173/786 926/1166/781 932/1174/787
f 926/1166/781 931/1173/786 927/1168/782
f 930/1172/785 927/1168/782 931/1173/786
f 927/1168/782 930/1172/785 928/1170/783
f 929/1171/784 928/1170/783 930/1172/785
f 935/1177/790 934/1176/789 933/1175/788
f 936/1178/791 933/1175/788 934/1176/789
f 936/1178/791 937/1179/792 933/1175/788
f 938/1180/793 933/1175/788 937/1179/792
f 933/1175/788 938/1180/793 939/1181/794
f 940/1182/795 939/1181/794 938/1180/793
f 939/1181/794 940/1182/795 886/1183/744
f 885/1184/743 886/1183/744 940/1182/795
f 940/1182/795 941/1185/796 885/1184/743
f 884/1186/742 885/1184/743 941/1185/796
f 941/1185/796 942/1187/797 884/1186/742
f 883/1188/741 884/1186/742 942/1187/797
f 883/1188/741 942/1187/797 918/1189/773
f 943/1190/798 918/1189/773 942/1187/797
f 943/1190/798 942/1187/797 944/1191/799
f 945/1192/800 944/1191/799 942/1187/797
f 945/1192/800 946/1193/801 944/1191/799
f 945/1192/800 947/1194/802 946/1193/801
f 948/1195/803 946/1193/801 947/1194/802
f 947/1194/802 938/1180/793 948/1195/803
f 937/1179/792 948/1195/803 938/1180/793
f 938/1180/793 947/1194/802 940/1182/795
f 941/1185/796 940/1182/795 947/1194/802
f 947/1194/802 945/1192/800 941/1185/796
f 942/1187/797 941/1185/796 945/1192/800
f 950/1197/805 949/1196/804 935/1177/790
f 934/1176/789 935/1177/790 949/1196/804
f 949/1196/804 950/1197/805 951/1198/806
f 952/1199/807 951/1198/806 950/1197/805
f 953/1200/808 951/1198/806 952/1199/807
f 952/1199/807 954/1201/809 953/1200/808
f 955/1202/810 953/1200/808 954/1201/809
f 955/1202/810 954/1201/809 915/1203/771
f 889/1204/747 915/1203/771 954/1201/809
f 889/1204/747 954/1201/809 888/1205/746
f 956/1206/811 888/1205/746 954/1201/809
f 888/1205/746 956/1206/811 887/1207/745
f 957/1208/812 887/1207/745 956/1206/811
f 887/1207/745 957/1208/812 886/1183/744
f 939/1181/794 886/1183/744 957/1208/812
f 957/1208/812 935/1177/790 939/1181/794
f 933/1175/788 939/1181/794 935/1177/790
f 935/1177/790 957/1208/812 950/1197/805
f 956/1206/811 950/1197/805 957/1208/812
f 950/1197/805 956/1206/811 952/1199/807
f 954/1201/809 952/1199/807 956/1206/811
f 909/1211/767 891/1210/1259 958/1209/813
f 892/1212/750 958/1209/813 891/1210/749
f 919/1213/774 958/1209/1262 892/1212/750
f 908/1214/766 909/1211/767 958/1209/1263
f 921/1215/776 908/1214/766 958/1209/1263
f 921/1215/776 958/1209/1262 919/1213/774
f 951/1218/1266 953/1217/1265 946/1216/1264
f 944/1219/1267 946/1216/1264 953/1217/1265
f 951/1218/1266 946/1216/1264 949/1220/1268
f 948/1221/1269 949/1220/1268 946/1216/1264
f 949/1220/1268 948/1221/1269 934/1222/1270
f 937/1223/1271 934/1222/1270 948/1221/1269
f 937/1223/1271 936/1224/1272 934/1222/1270
f 961/926/816 960/927/815 959/925/814
f 962/930/817 959/925/814 960/927/815
f 959/925/814 962/930/817 963/931/818
f 964/932/819 963/931/818 962/930/817
f 963/931/818 964/932/819 965/957/820
f 966/934/821 965/957/820 964/932/819
f 965/957/820 966/934/821 967/956/822
f 968/936/823 967/956/822 966/934/821
f 967/956/822 968/936/823 969/955/824
f 970/938/825 969/955/824 968/936/823
f 970/938/825 971/941/826 969/955/824
f 972/954/827 969/955/824 971/941/826
f 971/941/826 973/943/828 972/954/827
f 974/953/829 972/954/827 973/943/828
f 973/943/828 975/945/830 974/953/829
f 976/947/831 974/953/829 975/945/830
f 975/945/830 977/946/832 976/947/831
f 978/948/833 976/947/831 977/946/832
f 978/948/833 977/946/832 979/949/834
f 979/949/834 980/950/835 978/948/833
f 979/949/834 981/951/836 980/950/835
f 982/952/837 980/950/835 981/951/836
f 977/946/832 975/945/830 983/944/838
f 975/945/830 973/943/828 983/944/838
f 984/942/839 983/944/838 973/943/828
f 973/943/828 971/941/826 984/942/839
f 985/940/840 984/942/839 971/941/826
f 971/941/826 970/938/825 985/940/840
f 986/939/841 985/940/840 970/938/825
f 986/939/841 970/938/825 987/937/842
f 968/936/823 987/937/842 970/938/825
f 987/937/842 968/936/823 988/935/843
f 966/934/821 988/935/843 968/936/823
f 988/935/843 966/934/821 989/933/844
f 964/932/819 989/933/844 966/934/821
f 964/932/819 962/930/817 989/933/844
f 982/929/837 981/928/836 961/926/816
f 960/927/815 961/926/816 981/928/836
f 992/961/847 991/959/846 990/958/845
f 993/960/848 990/958/845 991/959/846
f 990/958/845 993/960/848 994/1007/849
f 995/1008/850 994/1007/849 993/960/848
f 994/1007/849 995/1008/850 996/1006/851
f 997/1004/852 996/1006/851 995/1008/850
f 996/1006/851 997/1004/852 969/1005/824
f 967/1003/822 969/1005/824 997/1004/852
f 997/1004/852 998/1002/853 967/1003/822
f 965/1001/820 967/1003/822 998/1002/853
f 998/1002/853 999/1000/854 965/1001/820
f 963/999/818 965/1001/820 999/1000/854
f 999/1000/854 1000/998/855 963/999/818
f 959/997/814 963/999/818 1000/998/855
f 1000/998/855 1001/993/856 959/997/814
f 961/995/816 959/997/814 1001/993/856
f 1001/993/856 1002/994/857 961/995/816
f 982/996/837 961/995/816 1002/994/857
f 1002/994/857 1001/993/856 1003/992/858
f 1004/991/859 1003/992/858 1001/993/856
f 1005/989/860 1003/992/858 1004/991/859
f 1004/991/859 1006/990/861 1005/989/860
f 1007/987/862 1005/989/860 1006/990/861
f 1005/989/860 1007/987/862 1008/988/863
f 1009/986/864 1008/988/863 1007/987/862
f 1007/987/862 993/960/848 1009/986/864
f 991/959/1273 1009/986/864 993/960/848
f 993/960/848 1007/987/862 1010/1009/865
f 1011/1010/866 1010/1009/865 1007/987/862
f 1010/1009/865 1011/1010/866 998/1002/853
f 999/1000/854 998/1002/853 1011/1010/866
f 1011/1010/866 1006/990/861 999/1000/854
f 1000/998/855 999/1000/854 1006/990/861
f 1006/990/861 1004/991/859 1000/998/855
f 1001/993/856 1000/998/855 1004/991/859
f 1007/987/862 1006/990/861 1011/1010/866
f 998/1002/853 997/1004/852 1010/1009/865
f 995/1008/850 1010/1009/865 997/1004/852
f 993/960/848 1010/1009/865 995/1008/850
f 1013/1014/39 1012/1012/39 981/1011/39
f 960/1013/39 981/1011/39 1012/1012/39
f 1012/1012/1274 1014/1021/867 960/1013/815
f 962/1022/817 960/1013/815 1014/1021/867
f 1014/1021/867 1015/1023/868 962/1022/817
f 989/1024/844 962/1022/817 1015/1023/868
f 1013/1014/39 981/1011/39 1016/1015/39
f 979/1016/39 1016/1015/39 981/1011/39
f 1016/1015/1275 979/1016/834 1017/1017/869
f 977/1018/832 1017/1017/869 979/1016/834
f 1017/1017/869 977/1018/832 1018/1019/870
f 983/1020/838 1018/1019/870 977/1018/832
f 992/961/847 990/958/845 1019/962/871
f 1020/963/872 1019/962/871 990/958/845
f 1019/962/871 1020/963/872 1021/983/873
f 1022/981/874 1021/983/873 1020/963/872
f 1021/983/873 1022/981/874 1008/982/863
f 1005/980/860 1008/982/863 1022/981/874
f 1022/981/874 1023/979/875 1005/980/860
f 1003/978/858 1005/980/860 1023/979/875
f 1023/979/875 1024/974/876 1003/978/858
f 1002/976/857 1003/978/858 1024/974/876
f 1024/974/876 980/975/835 1002/976/857
f 982/977/837 1002/976/857 980/975/835
f 980/975/835 1024/974/876 978/973/833
f 1025/972/877 978/973/833 1024/974/876
f 978/973/833 1025/972/877 976/971/831
f 1026/970/878 976/971/831 1025/972/877
f 976/971/831 1026/970/878 974/969/829
f 1027/967/879 974/969/829 1026/970/878
f 974/969/829 1027/967/879 972/968/827
f 1028/966/880 972/968/827 1027/967/879
f 972/968/827 1028/966/880 969/1005/824
f 996/1006/851 969/1005/824 1028/966/880
f 1028/966/880 1029/964/881 996/1006/851
f 994/1007/849 996/1006/851 1029/964/881
f 994/1007/849 1029/964/881 990/958/845
f 990/958/845 1029/964/881 1020/963/872
f 1030/965/882 1020/963/872 1029/964/881
f 1030/965/882 1031/984/883 1020/963/872
f 1020/963/872 1031/984/883 1022/981/874
f 1032/985/884 1022/981/874 1031/984/883
f 1032/985/884 1023/979/875 1022/981/874
f 1032/985/884 1025/972/877 1023/979/875
f 1024/974/876 1023/979/875 1025/972/877
f 1025/972/877 1032/985/884 1026/970/878
f 1031/984/883 1026/970/878 1032/985/884
f 1026/970/878 1031/984/883 1027/967/879
f 1030/965/882 1027/967/879 1031/984/883
f 1027/967/879 1030/965/882 1028/966/880
f 1029/964/881 1028/966/880 1030/965/882
f 1035/1028/887 1034/1026/886 1033/1025/885
f 1036/1027/888 1033/1025/885 1034/1026/886
f 1036/1027/888 1037/1044/889 1033/1025/885
f 1038/1045/890 1033/1025/885 1037/1044/889
f 1033/1025/885 1038/1045/890 1039/1029/891
f 1040/1058/892 1039/1029/891 1038/1045/890
f 1039/1029/891 1040/1058/892 986/1031/841
f 985/1057/840 986/1031/841 1040/1058/892
f 1040/1058/892 1041/1056/893 985/1057/840
f 984/1055/839 985/1057/840 1041/1056/893
f 1041/1056/893 1042/1051/894 984/1055/839
f 983/1054/838 984/1055/839 1042/1051/894
f 983/1054/838 1042/1051/894 1018/1053/870
f 1043/1052/895 1018/1053/870 1042/1051/894
f 1043/1052/895 1042/1051/894 1044/1050/896
f 1045/1049/897 1044/1050/896 1042/1051/894
f 1045/1049/897 1046/1048/898 1044/1050/896
f 1045/1049/897 1047/1047/899 1046/1048/898
f 1048/1046/900 1046/1048/898 1047/1047/899
f 1047/1047/899 1038/1045/890 1048/1046/900
f 1037/1044/889 1048/1046/900 1038/1045/890
f 1038/1045/890 1047/1047/899 1040/1058/892
f 1041/1056/893 1040/1058/892 1047/1047/899
f 1047/1047/899 1045/1049/897 1041/1056/893
f 1042/1051/894 1041/1056/893 1045/1049/897
f 1050/1042/902 1049/1043/901 1035/1028/887
f 1034/1026/886 1035/1028/887 1049/1043/901
f 1049/1043/901 1050/1042/902 1051/1041/903
f 1052/1040/904 1051/1041/903 1050/1042/902
f 1053/1039/905 1051/1041/903 1052/1040/904
f 1052/1040/904 1054/1035/906 1053/1039/905
f 1055/1038/907 1053/1039/905 1054/1035/906
f 1055/1038/907 1054/1035/906 1015/1037/868
f 989/1036/844 1015/1037/868 1054/1035/906
f 989/1036/844 1054/1035/906 988/1034/843
f 1056/1033/908 988/1034/843 1054/1035/906
f 988/1034/843 1056/1033/908 987/1032/842
f 1057/1030/909 987/1032/842 1056/1033/908
f 987/1032/842 1057/1030/909 986/1031/841
f 1039/1029/891 986/1031/841 1057/1030/909
f 1057/1030/909 1035/1028/887 1039/1029/891
f 1033/1025/885 1039/1029/891 1035/1028/887
f 1035/1028/887 1057/1030/909 1050/1042/902
f 1056/1033/908 1050/1042/902 1057/1030/909
f 1050/1042/902 1056/1033/908 1052/1040/904
f 1054/1035/906 1052/1040/904 1056/1033/908
f 1009/1060/864 991/1061/1273 1058/1059/910
f 992/1064/847 1058/1059/910 991/1061/846
f 1019/1065/871 1058/1059/1276 992/1064/847
f 1008/1062/863 1009/1060/864 1058/1059/1277
f 1021/1063/873 1008/1062/863 1058/1059/1277
f 1021/1063/873 1058/1059/1276 1019/1065/871
f 1044/1069/1280 1046/1067/1279 1053/1066/1278
f 1051/1068/1281 1053/1066/1278 1046/1067/1279
f 1051/1068/1281 1046/1067/1279 1049/1070/1282
f 1048/1071/1283 1049/1070/1282 1046/1067/1279
f 1049/1070/1282 1048/1071/1283 1034/1072/1284
f 1037/1073/1285 1034/1072/1284 1048/1071/1283
f 1037/1073/1285 1036/1074/1286 1034/1072/1284
f 1061/1076/913 1060/1077/912 1059/1075/911
f 1061/1076/913 1062/1106/914 1060/1077/912
f 1063/1107/915 1060/1077/912 1062/1106/914
f 1059/1075/911 1064/1078/916 1061/1076/913
f 1059/1075/911 1065/1079/917 1064/1078/916
f 1066/1080/918 1064/1078/916 1065/1079/917
f 1064/1078/916 1066/1080/918 1067/1105/919
f 1066/1080/918 1068/1082/920 1067/1105/919
f 1069/1104/921 1067/1105/919 1068/1082/920
f 1068/1082/920 1070/1084/922 1069/1104/921
f 1071/1103/923 1069/1104/921 1070/1084/922
f 1070/1084/922 1072/1086/924 1071/1103/923
f 1073/1102/925 1071/1103/923 1072/1086/924
f 1073/1102/925 1072/1086/924 1074/1101/926
f 1075/1087/927 1074/1101/926 1072/1086/924
f 1074/1101/926 1075/1087/927 1076/1100/928
f 1077/1089/929 1076/1100/928 1075/1087/927
f 1076/1100/928 1077/1089/929 1078/1099/930
f 1079/1091/931 1078/1099/930 1077/1089/929
f 1079/1091/931 1080/1093/932 1078/1099/930
f 1079/1091/931 1081/1092/933 1080/1093/932
f 1082/1094/934 1080/1093/932 1081/1092/933
f 1080/1093/932 1082/1094/934 1083/1095/935
f 1084/1096/936 1083/1095/935 1082/1094/934
f 1083/1095/935 1084/1096/936 1062/1097/914
f 1063/1098/915 1062/1097/914 1084/1096/936
f 1081/1092/933 1079/1091/931 1085/1090/937
f 1077/1089/929 1085/1090/937 1079/1091/931
f 1085/1090/937 1077/1089/929 1086/1088/938
f 1075/1087/927 1086/1088/938 1077/1089/929
f 1086/1088/938 1075/1087/927 1087/1085/939
f 1072/1086/924 1087/1085/939 1075/1087/927
f 1072/1086/924 1070/1084/922 1087/1085/939
f 1088/1083/940 1087/1085/939 1070/1084/922
f 1070/1084/922 1068/1082/920 1088/1083/940
f 1089/1081/941 1088/1083/940 1068/1082/920
f 1068/1082/920 1066/1080/918 1089/1081/941
f 1065/1079/917 1089/1081/941 1066/1080/918
f 1092/1111/944 1091/1109/943 1090/1108/942
f 1093/1110/945 1090/1108/942 1091/1109/943
f 1093/1110/945 1094/1151/946 1090/1108/942
f 1095/1152/947 1090/1108/942 1094/1151/946
f 1090/1108/942 1095/1152/947 1096/1171/948
f 1097/1172/949 1096/1171/948 1095/1152/947
f 1096/1171/948 1097/1172/949 1098/1170/950
f 1099/1168/951 1098/1170/950 1097/1172/949
f 1098/1170/950 1099/1168/951 1086/1169/938
f 1085/1167/937 1086/1169/938 1099/1168/951
f 1099/1168/951 1100/1166/952 1085/1167/937
f 1081/1165/933 1085/1167/937 1100/1166/952
f 1100/1166/952 1101/1164/953 1081/1165/933
f 1082/1163/934 1081/1165/933 1101/1164/953
f 1101/1164/953 1102/1159/954 1082/1163/934
f 1084/1161/936 1082/1163/934 1102/1159/954
f 1102/1159/954 1103/1160/955 1084/1161/936
f 1063/1162/915 1084/1161/936 1103/1160/955
f 1103/1160/955 1102/1159/954 1104/1158/956
f 1105/1157/957 1104/1158/956 1102/1159/954
f 1104/1158/956 1105/1157/957 1106/1156/958
f 1107/1154/959 1106/1156/958 1105/1157/957
f 1106/1156/958 1107/1154/959 1108/1155/960
f 1109/1153/961 1108/1155/960 1107/1154/959
f 1107/1154/959 1095/1152/947 1109/1153/961
f 1094/1151/946 1109/1153/961 1095/1152/947
f 1095/1152/947 1107/1154/959 1110/1173/962
f 1111/1174/963 1110/1173/962 1107/1154/959
f 1110/1173/962 1111/1174/963 1100/1166/952
f 1101/1164/953 1100/1166/952 1111/1174/963
f 1111/1174/963 1105/1157/957 1101/1164/953
f 1102/1159/954 1101/1164/953 1105/1157/957
f 1107/1154/959 1105/1157/957 1111/1174/963
f 1100/1166/952 1099/1168/951 1110/1173/962
f 1097/1172/949 1110/1173/962 1099/1168/951
f 1095/1152/947 1110/1173/962 1097/1172/949
f 1113/1132/965 1112/1134/964 1092/1111/944
f 1091/1109/1287 1092/1111/944 1112/1134/964
f 1112/1134/964 1113/1132/965 1108/1133/960
f 1106/1130/958 1108/1133/960 1113/1132/965
f 1113/1132/965 1114/1131/966 1106/1130/958
f 1115/1129/967 1106/1130/958 1114/1131/966
f 1104/1128/956 1106/1130/958 1115/1129/967
f 1115/1129/967 1116/1124/968 1104/1128/956
f 1103/1126/955 1104/1128/956 1116/1124/968
f 1116/1124/968 1060/1125/912 1103/1126/955
f 1063/1127/915 1103/1126/955 1060/1125/912
f 1060/1125/912 1116/1124/968 1059/1123/911
f 1117/1122/969 1059/1123/911 1116/1124/968
f 1059/1123/911 1117/1122/969 1065/1121/917
f 1118/1120/970 1065/1121/917 1117/1122/969
f 1065/1121/917 1118/1120/970 1089/1119/941
f 1119/1118/971 1089/1119/941 1118/1120/970
f 1089/1119/941 1119/1118/971 1088/1117/940
f 1120/1115/972 1088/1117/940 1119/1118/971
f 1088/1117/940 1120/1115/972 1087/1116/939
f 1121/1114/973 1087/1116/939 1120/1115/972
f 1121/1114/973 1098/1170/950 1087/1116/939
f 1086/1169/938 1087/1116/939 1098/1170/950
f 1098/1170/950 1121/1114/973 1096/1171/948
f 1122/1112/974 1096/1171/948 1121/1114/973
f 1090/1108/942 1096/1171/948 1122/1112/974
f 1090/1108/942 1122/1112/974 1092/1111/944
f 1123/1113/975 1092/1111/944 1122/1112/974
f 1124/1135/976 1092/1111/944 1123/1113/975
f 1092/1111/944 1124/1135/976 1113/1132/965
f 1125/1136/977 1113/1132/965 1124/1135/976
f 1114/1131/966 1113/1132/965 1125/1136/977
f 1125/1136/977 1118/1120/970 1114/1131/966
f 1117/1122/969 1114/1131/966 1118/1120/970
f 1114/1131/966 1117/1122/969 1115/1129/967
f 1116/1124/968 1115/1129/967 1117/1122/969
f 1118/1120/970 1125/1136/977 1119/1118/971
f 1124/1135/976 1119/1118/971 1125/1136/977
f 1119/1118/971 1124/1135/976 1120/1115/972
f 1123/1113/975 1120/1115/972 1124/1135/976
f 1120/1115/972 1123/1113/975 1121/1114/973
f 1122/1112/974 1121/1114/973 1123/1113/975
f 1061/1140/39 1126/1138/39 1062/1137/39
f 1127/1139/39 1062/1137/39 1126/1138/39
f 1127/1139/39 1128/1145/39 1062/1137/39
f 1083/1146/39 1062/1137/39 1128/1145/39
f 1128/1145/1288 1129/1147/978 1083/1146/935
f 1080/1148/932 1083/1146/935 1129/1147/978
f 1129/1147/978 1130/1149/979 1080/1148/932
f 1078/1150/930 1080/1148/932 1130/1149/979
f 1126/1138/1289 1061/1140/913 1131/1141/980
f 1064/1142/916 1131/1141/980 1061/1140/913
f 1131/1141/980 1064/1142/916 1132/1143/981
f 1067/1144/919 1132/1143/981 1064/1142/916
f 1135/1178/984 1134/1176/983 1133/1175/982
f 1136/1177/985 1133/1175/982 1134/1176/983
f 1133/1175/982 1136/1177/985 1137/1181/986
f 1138/1208/987 1137/1181/986 1136/1177/985
f 1137/1181/986 1138/1208/987 1073/1183/925
f 1071/1207/923 1073/1183/925 1138/1208/987
f 1138/1208/987 1139/1206/988 1071/1207/923
f 1069/1205/921 1071/1207/923 1139/1206/988
f 1139/1206/988 1140/1201/989 1069/1205/921
f 1067/1204/919 1069/1205/921 1140/1201/989
f 1067/1204/919 1140/1201/989 1132/1203/981
f 1141/1202/990 1132/1203/981 1140/1201/989
f 1141/1202/990 1140/1201/989 1142/1200/991
f 1143/1199/992 1142/1200/991 1140/1201/989
f 1144/1198/993 1142/1200/991 1143/1199/992
f 1143/1199/992 1145/1197/994 1144/1198/993
f 1146/1196/995 1144/1198/993 1145/1197/994
f 1145/1197/994 1136/1177/985 1146/1196/995
f 1134/1176/983 1146/1196/995 1136/1177/985
f 1136/1177/985 1145/1197/994 1138/1208/987
f 1139/1206/988 1138/1208/987 1145/1197/994
f 1145/1197/994 1143/1199/992 1139/1206/988
f 1140/1201/989 1139/1206/988 1143/1199/992
f 1135/1178/984 1133/1175/982 1147/1179/996
f 1148/1180/997 1147/1179/996 1133/1175/982
f 1147/1179/996 1148/1180/997 1149/1195/998
f 1150/1194/999 1149/1195/998 1148/1180/997
f 1149/1195/998 1150/1194/999 1151/1193/1000
f 1152/1192/1001 1151/1193/1000 1150/1194/999
f 1151/1193/1000 1152/1192/1001 1153/1191/1002
f 1152/1192/1001 1154/1187/1003 1153/1191/1002
f 1155/1190/1004 1153/1191/1002 1154/1187/1003
f 1155/1190/1004 1154/1187/1003 1130/1189/979
f 1078/1188/930 1130/1189/979 1154/1187/1003
f 1078/1188/930 1154/1187/1003 1076/1186/928
f 1156/1185/1005 1076/1186/928 1154/1187/1003
f 1076/1186/928 1156/1185/1005 1074/1184/926
f 1157/1182/1006 1074/1184/926 1156/1185/1005
f 1074/1184/926 1157/1182/1006 1073/1183/925
f 1137/1181/986 1073/1183/925 1157/1182/1006
f 1157/1182/1006 1148/1180/997 1137/1181/986
f 1133/1175/982 1137/1181/986 1148/1180/997
f 1148/1180/997 1157/1182/1006 1150/1194/999
f 1156/1185/1005 1150/1194/999 1157/1182/1006
f 1150/1194/999 1156/1185/1005 1152/1192/1001
f 1154/1187/1003 1152/1192/1001 1156/1185/1005
f 1091/1210/1287 1112/1211/964 1158/1209/1007
f 1112/1211/964 1108/1214/960 1158/1209/1007
f 1108/1214/960 1109/1215/961 1158/1209/1290
f 1158/1209/1291 1093/1212/945 1091/1210/943
f 1158/1209/1291 1094/1213/946 1093/1212/945
f 1158/1209/1290 1109/1215/961 1094/1213/946
f 1153/1219/1294 1142/1217/1293 1151/1216/1292
f 1144/1218/1295 1151/1216/1292 1142/1217/1293
f 1144/1218/1295 1146/1220/1296 1151/1216/1292
f 1149/1221/1297 1151/1216/1292 1146/1220/1296
f 1146/1220/1296 1134/1222/1298 1149/1221/1297
f 1147/1223/1299 1149/1221/1297 1134/1222/1298
f 1135/1224/1300 1147/1223/1299 1134/1222/1298
f 1160/55/39 1161/56/39 1159/54/39
f 1159/54/39 1162/57/39 1160/55/39
f 1163/58/39 1161/56/39 1160/55/39
f 1160/55/39 1164/59/39 1163/58/39
f 1160/61/40 1162/62/1008 1165/60/40
f 1165/60/40 1166/63/1008 1160/61/40
f 1166/65/41 1165/66/41 1167/64/41
f 1167/64/41 1168/67/41 1166/65/41
f 1166/65/41 1168/67/41 1169/68/41
f 1169/68/41 1170/69/41 1166/65/41
f 1168/71/1301 1167/72/1301 1159/70/1301
f 1159/70/1301 1161/73/1301 1168/71/1301
f 1163/75/40 1164/76/40 1170/74/40
f 1170/74/40 1169/77/40 1163/75/40
f 1164/79/3 1160/80/3 1166/78/3
f 1166/78/3 1170/81/3 1164/79/3
f 1169/83/9 1168/84/9 1161/82/9
f 1161/82/9 1163/85/9 1169/83/9
f 1172/87/39 1173/88/39 1171/86/39
f 1171/86/39 1174/89/39 1172/87/39
f 1175/90/39 1173/88/39 1172/87/39
f 1172/87/39 1176/91/39 1175/90/39
f 1172/93/40 1174/94/1008 1177/92/40
f 1177/92/40 1178/95/1008 1172/93/40
f 1178/97/41 1177/98/41 1179/96/41
f 1179/96/41 1180/99/41 1178/97/41
f 1178/97/41 1180/99/41 1181/100/41
f 1181/100/41 1182/101/41 1178/97/41
f 1180/103/1302 1179/104/1303 1171/102/1302
f 1171/102/1302 1173/105/1303 1180/103/1302
f 1175/107/40 1176/108/40 1182/106/40
f 1182/106/40 1181/109/40 1175/107/40
f 1176/111/3 1172/112/3 1178/110/3
f 1178/110/3 1182/113/3 1176/111/3
f 1181/115/9 1180/116/9 1173/114/9
f 1173/114/9 1175/117/9 1181/115/9
# 1996 elements

